Block,Light (u mol photons m/s/),NH4Cl (mg/L),Time (hours),Replicate,Pseudo-replicate,F,Fm,Y(II),Average Y (controls),StDev (controls),StDev / Average (%),Photosynthetic inhibition (%),Average photosynthetic inhibition (%)
1,80,Control,0,1,1,0.01734,0.03794,0.542962572,0.533758674,0.013016278,2.44%,-0.017243557,1.11E-16
1,80,Control,0,1,2,0.01762,0.03706,0.524554776,NA,NA,NA,0.017243557,NA
1,80,Control,0.3,1,1,0.01246,0.027,0.538518519,0.52391542,0.0206519,3.94%,-0.027873008,5.55E-17
1,80,Control,0.3,1,2,0.0137,0.02792,0.509312321,NA,NA,NA,0.027873008,NA
1,80,Control,2,1,1,0.0096,0.0198,0.515151515,0.502768065,0.017512843,3.48%,-0.024630542,1.11E-16
1,80,Control,2,1,2,0.0106,0.0208,0.490384615,NA,NA,NA,0.024630542,NA
1,80,Control,24,1,1,0.0295,0.04678,0.369388628,0.362791659,0.009329523,2.57%,-0.018183904,-5.55E-17
1,80,Control,24,1,2,0.0291,0.0452,0.35619469,NA,NA,NA,0.018183904,NA
1,80,Control,48,1,1,0.0655,0.10462,0.37392468,0.369593126,0.006125741,1.66%,-0.011719789,-1.11E-16
1,80,Control,48,1,2,0.06746,0.10628,0.365261573,NA,NA,NA,0.011719789,NA
1,80,Control,72,1,1,0.09256,0.15,0.382933333,0.380528155,0.003401435,0.89%,-0.006320631,0
1,80,Control,72,1,2,0.09608,0.1545,0.378122977,NA,NA,NA,0.006320631,NA
1,80,267,0,1,1,0.01744,0.03688,0.527114967,NA,NA,NA,0.012447024,-0.003018012
1,80,267,0,1,2,0.0136,0.0298,0.543624161,NA,NA,NA,-0.018483047,NA
1,80,267,0.3,1,1,0.0122,0.02264,0.461130742,NA,NA,NA,0.11983743,0.104542387
1,80,267,0.3,1,2,0.0103,0.0197,0.47715736,NA,NA,NA,0.089247343,NA
1,80,267,2,1,1,0.0103,0.0195,0.471794872,NA,NA,NA,0.061605332,0.063774933
1,80,267,2,1,2,0.0096,0.0181,0.46961326,NA,NA,NA,0.065944534,NA
1,80,267,24,1,1,0.0315,0.04608,0.31640625,NA,NA,NA,0.127856878,0.148919455
1,80,267,24,1,2,0.0311,0.0445,0.301123596,NA,NA,NA,0.169982032,NA
1,80,267,48,1,1,0.07216,0.09186,0.214456782,NA,NA,NA,0.419748998,0.419507257
1,80,267,48,1,2,0.05774,0.07352,0.214635473,NA,NA,NA,0.419265517,NA
1,80,267,72,1,1,0.08618,0.11138,0.226252469,NA,NA,NA,0.405425155,0.400579717
1,80,267,72,1,2,0.07716,0.1002,0.22994012,NA,NA,NA,0.39573428,NA
1,80,26.7,0,1,1,0.01754,0.03588,0.511148272,NA,NA,NA,0.042360721,0.019207273
1,80,26.7,0,1,2,0.0176,0.03792,0.535864979,NA,NA,NA,-0.003946174,NA
1,80,26.7,0.3,1,1,0.011,0.02272,0.51584507,NA,NA,NA,0.015403916,0.013446344
1,80,26.7,0.3,1,2,0.0132,0.02738,0.517896275,NA,NA,NA,0.011488772,NA
1,80,26.7,2,1,1,0.0086,0.01764,0.512471655,NA,NA,NA,-0.019300331,0.017557439
1,80,26.7,2,1,2,0.0096,0.0183,0.475409836,NA,NA,NA,0.054415209,NA
1,80,26.7,24,1,1,0.0317,0.0445,0.287640449,NA,NA,NA,0.207147016,0.189711257
1,80,26.7,24,1,2,0.0336,0.04802,0.300291545,NA,NA,NA,0.172275498,NA
1,80,26.7,48,1,1,0.07922,0.12382,0.360200291,NA,NA,NA,0.025413989,0.032041051
1,80,26.7,48,1,2,0.09254,0.14354,0.355301658,NA,NA,NA,0.038668112,NA
1,80,26.7,72,1,1,0.10068,0.1598,0.369962453,NA,NA,NA,0.027765888,0.027152016
1,80,26.7,72,1,2,0.10228,0.16246,0.370429644,NA,NA,NA,0.026538144,NA
1,80,2.67,0,1,1,0.0218,0.0458,0.524017467,NA,NA,NA,0.018250208,0.005017716
1,80,2.67,0,1,2,0.0201,0.04352,0.538143382,NA,NA,NA,-0.008214776,NA
1,80,2.67,0.3,1,1,0.0115,0.026,0.557692308,NA,NA,NA,-0.064470116,-0.070282775
1,80,2.67,0.3,1,2,0.0119,0.02728,0.563782991,NA,NA,NA,-0.076095434,NA
1,80,2.67,2,1,1,0.0111,0.0244,0.545081967,NA,NA,NA,-0.084161873,-0.078820667
1,80,2.67,2,1,2,0.0102,0.02216,0.539711191,NA,NA,NA,-0.07347946,NA
1,80,2.67,24,1,1,0.0351,0.0554,0.366425993,NA,NA,NA,-0.010017689,-0.002887499
1,80,2.67,24,1,2,0.03264,0.0511,0.361252446,NA,NA,NA,0.004242691,NA
1,80,2.67,48,1,1,0.07738,0.11806,0.344570557,NA,NA,NA,0.067703015,0.066135889
1,80,2.67,48,1,2,0.0841,0.12854,0.345728956,NA,NA,NA,0.064568762,NA
1,80,2.67,72,1,1,0.1061,0.17658,0.3991392,NA,NA,NA,-0.048908457,-0.03876061
1,80,2.67,72,1,2,0.1089,0.17894,0.391416117,NA,NA,NA,-0.028612763,NA
1,80,0.267,0,1,1,0.0229,0.0494,0.536437247,NA,NA,NA,-0.005018322,-0.01516849
1,80,0.267,0,1,2,0.0249,0.055,0.547272727,NA,NA,NA,-0.025318657,NA
1,80,0.267,0.3,1,1,0.01762,0.03832,0.540187891,NA,NA,NA,-0.031059349,-0.056742574
1,80,0.267,0.3,1,2,0.016,0.03696,0.567099567,NA,NA,NA,-0.0824258,NA
1,80,0.267,2,1,1,0.01322,0.0294,0.550340136,NA,NA,NA,-0.094620311,-0.118717218
1,80,0.267,2,1,2,0.01238,0.0291,0.574570447,NA,NA,NA,-0.142814125,NA
1,80,0.267,24,1,1,0.0431,0.08078,0.466452092,NA,NA,NA,-0.285729924,-0.278410325
1,80,0.267,24,1,2,0.0459,0.08518,0.461141113,NA,NA,NA,-0.271090725,NA
1,80,0.267,48,1,1,0.15038,0.23254,0.353315559,NA,NA,NA,0.044041858,0.045729404
1,80,0.267,48,1,2,0.14756,0.22774,0.352068148,NA,NA,NA,0.047416949,NA
1,80,0.267,72,1,1,0.16352,0.25198,0.351059608,NA,NA,NA,0.077441175,0.082505058
1,80,0.267,72,1,2,0.17568,0.26912,0.347205707,NA,NA,NA,0.087568942,NA
1,20,Control,0,1,1,0.0196,0.0441,0.555555556,0.555300714,0.000360401,0.06%,-0.000458926,-1.11E-16
1,20,Control,0,1,2,0.0194,0.0436,0.555045872,NA,NA,NA,0.000458926,NA
1,20,Control,0.3,1,1,0.01238,0.02728,0.546187683,0.540162115,0.008521441,1.58%,-0.011155111,1.67E-16
1,20,Control,0.3,1,2,0.0116,0.0249,0.534136546,NA,NA,NA,0.011155111,NA
1,20,Control,2,1,1,0.009,0.0184,0.510869565,0.505434783,0.007685943,1.52%,-0.010752688,1.11E-16
1,20,Control,2,1,2,0.0092,0.0184,0.5,NA,NA,NA,0.010752688,NA
1,20,Control,24,1,1,0.027,0.0484,0.44214876,0.435824922,0.008943257,2.05%,-0.014510042,-1.11E-16
1,20,Control,24,1,2,0.0263,0.0461,0.429501085,NA,NA,NA,0.014510042,NA
1,20,Control,48,1,1,0.0939,0.1499,0.373582388,0.371027999,0.003612452,0.97%,-0.006884628,1.11E-16
1,20,Control,48,1,2,0.08854,0.1402,0.368473609,NA,NA,NA,0.006884628,NA
1,20,Control,72,1,1,0.11716,0.18862,0.378856961,0.380955492,0.002967771,0.78%,0.005508599,5.55E-17
1,20,Control,72,1,2,0.11854,0.19214,0.383054023,NA,NA,NA,-0.005508599,NA
1,20,267,0,1,1,0.0167,0.03648,0.542214912,NA,NA,NA,0.023565252,0.030704805
1,20,267,0,1,2,0.0163,0.035,0.534285714,NA,NA,NA,0.037844358,NA
1,20,267,0.3,1,1,0.01228,0.0235,0.477446809,NA,NA,NA,0.1161046,0.110582634
1,20,267,0.3,1,2,0.0109,0.0211,0.483412322,NA,NA,NA,0.105060668,NA
1,20,267,2,1,1,0.0102,0.0199,0.487437186,NA,NA,NA,0.035608148,0.018514157
1,20,267,2,1,2,0.0105,0.0212,0.504716981,NA,NA,NA,0.001420166,NA
1,20,267,24,1,1,0.0267,0.04168,0.35940499,NA,NA,NA,0.175345484,0.205256184
1,20,267,24,1,2,0.0304,0.0456,0.333333333,NA,NA,NA,0.235166884,NA
1,20,267,48,1,1,0.09266,0.11736,0.210463531,NA,NA,NA,0.432755663,0.432426947
1,20,267,48,1,2,0.08256,0.1046,0.210707457,NA,NA,NA,0.432098231,NA
1,20,267,72,1,1,0.10098,0.12932,0.219146304,NA,NA,NA,0.424745651,0.420552547
1,20,267,72,1,2,0.10178,0.13088,0.222341076,NA,NA,NA,0.416359442,NA
1,20,26.7,0,1,1,0.0185,0.04,0.5375,NA,NA,NA,0.032055989,0.026609266
1,20,26.7,0,1,2,0.0196,0.04294,0.543549138,NA,NA,NA,0.021162543,NA
1,20,26.7,0.3,1,1,0.0134,0.02764,0.515195369,NA,NA,NA,0.046220838,0.040107014
1,20,26.7,0.3,1,2,0.0136,0.02844,0.521800281,NA,NA,NA,0.03399319,NA
1,20,26.7,2,1,1,0.0101,0.0198,0.48989899,NA,NA,NA,0.030737482,-0.00638617
1,20,26.7,2,1,2,0.0112,0.0237,0.52742616,NA,NA,NA,-0.043509823,NA
1,20,26.7,24,1,1,0.0257,0.0413,0.377723971,NA,NA,NA,0.133312595,0.197239331
1,20,26.7,24,1,2,0.0363,0.05354,0.322002241,NA,NA,NA,0.261166068,NA
1,20,26.7,48,1,1,0.06226,0.14706,0.576635387,NA,NA,NA,-0.554155991,-0.569498459
1,20,26.7,48,1,2,0.06314,0.15326,0.588020358,NA,NA,NA,-0.584840927,NA
1,20,26.7,72,1,1,0.10502,0.16794,0.374657616,NA,NA,NA,0.01653179,0.014493994
1,20,26.7,72,1,2,0.10824,0.17352,0.376210235,NA,NA,NA,0.012456198,NA
1,20,2.67,0,1,1,0.02242,0.0495,0.547070707,NA,NA,NA,0.01482081,0.017208321
1,20,2.67,0,1,2,0.02,0.0439,0.544419134,NA,NA,NA,0.019595831,NA
1,20,2.67,0.3,1,1,0.0155,0.0351,0.558404558,NA,NA,NA,-0.033772164,-0.033193314
1,20,2.67,0.3,1,2,0.0137,0.03098,0.557779212,NA,NA,NA,-0.032614464,NA
1,20,2.67,2,1,1,0.0119,0.025,0.524,NA,NA,NA,-0.036731183,-0.038775315
1,20,2.67,2,1,2,0.01,0.0211,0.526066351,NA,NA,NA,-0.040819447,NA
1,20,2.67,24,1,1,0.03782,0.06256,0.395460358,NA,NA,NA,0.092616467,0.11287422
1,20,2.67,24,1,2,0.0333,0.05352,0.377802691,NA,NA,NA,0.133131973,NA
1,20,2.67,48,1,1,0.10814,0.16706,0.352687657,NA,NA,NA,0.049431152,0.064121787
1,20,2.67,48,1,2,0.10538,0.1601,0.341786384,NA,NA,NA,0.078812422,NA
1,20,2.67,72,1,1,0.1298,0.20302,0.360654123,NA,NA,NA,0.053290659,0.034806371
1,20,2.67,72,1,2,0.1191,0.19048,0.374737505,NA,NA,NA,0.016322082,NA
1,20,0.267,0,1,1,0.0208,0.0442,0.529411765,NA,NA,NA,0.046621494,0.037232309
1,20,0.267,0,1,2,0.0149,0.03238,0.539839407,NA,NA,NA,0.027843124,NA
1,20,0.267,0.3,1,1,0.0169,0.03678,0.540511147,NA,NA,NA,-0.000646163,0.021163951
1,20,0.267,0.3,1,2,0.0114,0.0236,0.516949153,NA,NA,NA,0.042974066,NA
1,20,0.267,2,1,1,0.0135,0.029,0.534482759,NA,NA,NA,-0.057471264,0.021863446
1,20,0.267,2,1,2,0.00764,0.014,0.454285714,NA,NA,NA,0.101198157,NA
1,20,0.267,24,1,1,0.04,0.0645,0.379844961,NA,NA,NA,0.128445984,0.165027646
1,20,0.267,24,1,2,0.0214,0.03282,0.347958562,NA,NA,NA,0.201609307,NA
1,20,0.267,48,1,1,0.0993,0.15578,0.362562588,NA,NA,NA,0.022816096,0.025881037
1,20,0.267,48,1,2,0.0799,0.1249,0.360288231,NA,NA,NA,0.028945978,NA
1,20,0.267,72,1,1,0.11696,0.18314,0.361362892,NA,NA,NA,0.051430156,0.040966523
1,20,0.267,72,1,2,0.09658,0.15314,0.369335249,NA,NA,NA,0.03050289,NA
1,5,Control,0,1,1,0.0153,0.03314,0.538322269,0.525517067,0.018109291,3.45%,-0.024366863,1.11E-16
1,5,Control,0,1,2,0.0161,0.03304,0.512711864,NA,NA,NA,0.024366863,NA
1,5,Control,0.3,1,1,0.0097,0.02178,0.554637282,0.547704907,0.009803859,1.79%,-0.012657135,0
1,5,Control,0.3,1,2,0.0107,0.0233,0.540772532,NA,NA,NA,0.012657135,NA
1,5,Control,2,1,1,0.0091,0.0209,0.564593301,0.557031633,0.010693814,1.92%,-0.013574935,-5.55E-17
1,5,Control,2,1,2,0.0102,0.02264,0.549469965,NA,NA,NA,0.013574935,NA
1,5,Control,24,1,1,0.01728,0.0364,0.525274725,0.530739587,0.007728482,1.46%,0.010296691,0
1,5,Control,24,1,2,0.0196,0.04226,0.536204449,NA,NA,NA,-0.010296691,NA
1,5,Control,48,1,1,0.0497,0.11656,0.573610158,0.577238914,0.005131837,0.89%,0.006286403,0
1,5,Control,48,1,2,0.04618,0.11018,0.580867671,NA,NA,NA,-0.006286403,NA
1,5,Control,72,1,1,0.0985,0.2304,0.572482639,0.574806428,0.003286334,0.57%,0.004042734,5.55E-17
1,5,Control,72,1,2,0.08794,0.20796,0.577130217,NA,NA,NA,-0.004042734,NA
1,5,267,0,1,1,0.01792,0.0402,0.554228856,NA,NA,NA,-0.054635312,-0.056455594
1,5,267,0,1,2,0.0185,0.04168,0.556142035,NA,NA,NA,-0.058275877,NA
1,5,267,0.3,1,1,0.0143,0.03,0.523333333,NA,NA,NA,0.044497636,0.045050909
1,5,267,0.3,1,2,0.0147,0.0308,0.522727273,NA,NA,NA,0.045604182,NA
1,5,267,2,1,1,0.0146,0.0311,0.530546624,NA,NA,NA,0.047546688,0.045045295
1,5,267,2,1,2,0.0161,0.0345,0.533333333,NA,NA,NA,0.042543903,NA
1,5,267,24,1,1,0.0337,0.08296,0.593780135,NA,NA,NA,-0.118778681,-0.115699442
1,5,267,24,1,2,0.03746,0.09148,0.590511587,NA,NA,NA,-0.112620203,NA
1,5,267,48,1,1,0.10268,0.24988,0.58908276,NA,NA,NA,-0.020518099,-0.022785249
1,5,267,48,1,2,0.0793,0.19422,0.591700134,NA,NA,NA,-0.025052399,NA
1,5,267,72,1,1,0.1758,0.3643,0.517430689,NA,NA,NA,0.099817497,0.094151789
1,5,267,72,1,2,0.1348,0.28316,0.52394406,NA,NA,NA,0.088486081,NA
1,5,26.7,0,1,1,0.0163,0.03392,0.519457547,NA,NA,NA,0.011530586,0.023905002
1,5,26.7,0,1,2,0.0153,0.031,0.506451613,NA,NA,NA,0.036279419,NA
1,5,26.7,0.3,1,1,0.0112,0.02244,0.500891266,NA,NA,NA,0.085472379,0.109782607
1,5,26.7,0.3,1,2,0.01246,0.0237,0.474261603,NA,NA,NA,0.134092835,NA
1,5,26.7,2,1,1,0.0118,0.0245,0.518367347,NA,NA,NA,0.069411293,0.067844446
1,5,26.7,2,1,2,0.0136,0.02834,0.520112915,NA,NA,NA,0.066277598,NA
1,5,26.7,24,1,1,0.02208,0.0512,0.56875,NA,NA,NA,-0.071617822,-0.085227176
1,5,26.7,24,1,2,0.0253,0.0607,0.583196046,NA,NA,NA,-0.09883653,NA
1,5,26.7,48,1,1,0.07608,0.12656,0.3988622,NA,NA,NA,0.309017134,0.293790052
1,5,26.7,48,1,2,0.06048,0.10364,0.416441528,NA,NA,NA,0.278562969,NA
1,5,26.7,72,1,1,0.10068,0.2498,0.596957566,NA,NA,NA,-0.038536691,-0.043002174
1,5,26.7,72,1,2,0.08068,0.20276,0.602091142,NA,NA,NA,-0.047467657,NA
1,5,2.67,0,1,1,0.01754,0.03648,0.519188596,NA,NA,NA,0.012042369,-0.003317084
1,5,2.67,0,1,2,0.01736,0.03736,0.535331906,NA,NA,NA,-0.018676537,NA
1,5,2.67,0.3,1,1,0.0138,0.0285,0.515789474,NA,NA,NA,0.05827122,0.059698304
1,5,2.67,0.3,1,2,0.014,0.02882,0.514226232,NA,NA,NA,0.061125389,NA
1,5,2.67,2,1,1,0.0113,0.0241,0.531120332,NA,NA,NA,0.04651675,0.052485814
1,5,2.67,2,1,2,0.01302,0.02738,0.524470416,NA,NA,NA,0.058454879,NA
1,5,2.67,24,1,1,0.02234,0.05322,0.580232995,NA,NA,NA,-0.093253658,-0.106137222
1,5,2.67,24,1,2,0.024,0.0591,0.593908629,NA,NA,NA,-0.119020785,NA
1,5,2.67,48,1,1,0.07334,0.18374,0.600849026,NA,NA,NA,-0.040901801,-0.044375915
1,5,2.67,48,1,2,0.06342,0.1605,0.604859813,NA,NA,NA,-0.047850029,NA
1,5,2.67,72,1,1,0.11548,0.28842,0.599611677,NA,NA,NA,-0.043154092,-0.046224185
1,5,2.67,72,1,2,0.094,0.23686,0.603141096,NA,NA,NA,-0.049294278,NA
1,5,0.267,0,1,1,0.0189,0.04,0.5275,NA,NA,NA,-0.003773299,0.025584172
1,5,0.267,0,1,2,0.015,0.0298,0.496644295,NA,NA,NA,0.054941644,NA
1,5,0.267,0.3,1,1,0.0152,0.0313,0.514376997,NA,NA,NA,0.060850122,0.07040887
1,5,0.267,0.3,1,2,0.0127,0.0256,0.50390625,NA,NA,NA,0.079967618,NA
1,5,0.267,2,1,1,0.0099,0.0214,0.537383178,NA,NA,NA,0.0352735,0.093762957
1,5,0.267,2,1,2,0.0114,0.0216,0.472222222,NA,NA,NA,0.152252414,NA
1,5,0.267,24,1,1,0.0199,0.0467,0.573875803,NA,NA,NA,-0.081275671,-0.08107304
1,5,0.267,24,1,2,0.0191,0.0448,0.573660714,NA,NA,NA,-0.080870409,NA
1,5,0.267,48,1,1,0.06266,0.15598,0.598281831,NA,NA,NA,-0.036454432,-0.042509068
1,5,0.267,48,1,2,0.04822,0.12216,0.605271775,NA,NA,NA,-0.048563705,NA
1,5,0.267,72,1,1,0.09804,0.23852,0.588965286,NA,NA,NA,-0.024632393,-0.035430699
1,5,0.267,72,1,2,0.07168,0.17982,0.601379157,NA,NA,NA,-0.046229004,NA
2,80,Control,0,1,1,0.01216,0.024,0.493333333,0.477124888,0.022922204,4.80%,-0.033971076,-5.55E-17
2,80,Control,0,1,2,0.012,0.02226,0.460916442,NA,NA,NA,0.033971076,NA
2,80,Control,0.3,1,1,0.01274,0.02786,0.542713568,0.522233977,0.028962515,5.55%,-0.039215355,5.55E-17
2,80,Control,0.3,1,2,0.0142,0.0285,0.501754386,NA,NA,NA,0.039215355,NA
2,80,Control,2,1,1,0.0178,0.0386,0.538860104,0.535817778,0.004302498,0.80%,-0.00567791,-5.55E-17
2,80,Control,2,1,2,0.0201,0.04302,0.532775453,NA,NA,NA,0.00567791,NA
2,80,Control,24,1,1,0.02876,0.0559,0.485509839,0.473960057,0.016333858,3.45%,-0.024368681,0
2,80,Control,24,1,2,0.02846,0.05294,0.462410276,NA,NA,NA,0.024368681,NA
2,80,Control,48,1,1,0.0441,0.0702,0.371794872,0.36489287,0.009760905,2.68%,-0.018915147,-5.55E-17
2,80,Control,48,1,2,0.04218,0.0657,0.357990868,NA,NA,NA,0.018915147,NA
2,80,Control,72,1,1,0.0888,0.15804,0.438116932,0.440989555,0.004062502,0.92%,0.006514037,-1.11E-16
2,80,Control,72,1,2,0.0849,0.15266,0.443862177,NA,NA,NA,-0.006514037,NA
2,80,26.7,0,1,1,0.0104,0.0206,0.495145631,NA,NA,NA,-0.037769447,-0.045599861
2,80,26.7,0,1,2,0.0095,0.0191,0.502617801,NA,NA,NA,-0.053430274,NA
2,80,26.7,0.3,1,1,0.0142,0.02852,0.502103787,NA,NA,NA,0.038546305,0.017582317
2,80,26.7,0.3,1,2,0.0119,0.025,0.524,NA,NA,NA,-0.00338167,NA
2,80,26.7,2,1,1,0.0185,0.03766,0.508762613,NA,NA,NA,0.050493221,0.021632031
2,80,26.7,2,1,2,0.0167,0.03628,0.53969129,NA,NA,NA,-0.007229158,NA
2,80,26.7,24,1,1,0.0387,0.06588,0.412568306,NA,NA,NA,0.129529378,0.135438202
2,80,26.7,24,1,2,0.02894,0.0488,0.406967213,NA,NA,NA,0.141347025,NA
2,80,26.7,48,1,1,0.04322,0.06696,0.354540024,NA,NA,NA,0.028372289,0.040169986
2,80,26.7,48,1,2,0.045,0.0688,0.345930233,NA,NA,NA,0.051967683,NA
2,80,26.7,72,1,1,0.10196,0.1704,0.401643192,NA,NA,NA,0.08922289,0.08737296
2,80,26.7,72,1,2,0.09038,0.15146,0.403274792,NA,NA,NA,0.08552303,NA
2,80,2.67,0,1,1,0.0099,0.0206,0.519417476,NA,NA,NA,-0.088640499,-0.075607566
2,80,2.67,0,1,2,0.0113,0.02292,0.506980803,NA,NA,NA,-0.062574634,NA
2,80,2.67,0.3,1,1,0.01718,0.03678,0.532898314,NA,NA,NA,-0.020420612,-0.031674011
2,80,2.67,0.3,1,2,0.01754,0.03852,0.544652129,NA,NA,NA,-0.04292741,NA
2,80,2.67,2,1,1,0.0196,0.0415,0.527710843,NA,NA,NA,0.015130023,-0.011122664
2,80,2.67,2,1,2,0.0171,0.0385,0.555844156,NA,NA,NA,-0.037375351,NA
2,80,2.67,24,1,1,0.03758,0.06618,0.43215473,NA,NA,NA,0.088204327,0.078269795
2,80,2.67,24,1,2,0.0432,0.07736,0.441571872,NA,NA,NA,0.068335264,NA
2,80,2.67,48,1,1,0.0349,0.054,0.353703704,NA,NA,NA,0.030664249,0.014120522
2,80,2.67,48,1,2,0.0404,0.0637,0.36577708,NA,NA,NA,-0.002423205,NA
2,80,2.67,72,1,1,0.10834,0.17314,0.374263602,NA,NA,NA,0.1513096,0.154841591
2,80,2.67,72,1,2,0.10776,0.17136,0.371148459,NA,NA,NA,0.158373582,NA
2,80,0.267,0,1,1,0.0111,0.02342,0.526046114,NA,NA,NA,-0.102533379,-0.088018319
2,80,0.267,0,1,2,0.01,0.0205,0.512195122,NA,NA,NA,-0.073503259,NA
2,80,0.267,0.3,1,1,0.0169,0.03696,0.542748918,NA,NA,NA,-0.039283045,-0.045609046
2,80,0.267,0.3,1,2,0.0168,0.03728,0.549356223,NA,NA,NA,-0.051935047,NA
2,80,0.267,2,1,1,0.0194,0.04282,0.546940682,NA,NA,NA,-0.020758743,-0.016948176
2,80,0.267,2,1,2,0.0208,0.0455,0.542857143,NA,NA,NA,-0.013137609,NA
2,80,0.267,24,1,1,0.03408,0.0638,0.465830721,NA,NA,NA,0.017151944,0.019418526
2,80,0.267,24,1,2,0.03618,0.06746,0.463682182,NA,NA,NA,0.021685109,NA
2,80,0.267,48,1,1,0.0383,0.0591,0.351945854,NA,NA,NA,0.035481689,0.04166847
2,80,0.267,48,1,2,0.03302,0.0506,0.34743083,NA,NA,NA,0.04785525,NA
2,80,0.267,72,1,1,0.10834,0.17126,0.367394605,NA,NA,NA,0.166885926,0.164753276
2,80,0.267,72,1,2,0.11266,0.17862,0.369275557,NA,NA,NA,0.162620627,NA
2,80,0.0267,0,1,1,0.0109,0.02178,0.499540863,NA,NA,NA,-0.046981359,-0.052755153
2,80,0.0267,0,1,2,0.0098,0.0198,0.505050505,NA,NA,NA,-0.058528947,NA
2,80,0.0267,0.3,1,1,0.01688,0.0345,0.510724638,NA,NA,NA,0.022038664,-0.014037029
2,80,0.0267,0.3,1,2,0.0167,0.03698,0.548404543,NA,NA,NA,-0.050112722,NA
2,80,0.0267,2,1,1,0.0153,0.03266,0.531537048,NA,NA,NA,0.007989153,-0.014814418
2,80,0.0267,2,1,2,0.0165,0.03716,0.555974166,NA,NA,NA,-0.037617989,NA
2,80,0.0267,24,1,1,0.03196,0.0685,0.533430657,NA,NA,NA,-0.125475973,-0.118084958
2,80,0.0267,24,1,2,0.03208,0.06774,0.526424565,NA,NA,NA,-0.110693942,NA
2,80,0.0267,48,1,1,0.0338,0.05178,0.347238316,NA,NA,NA,0.048382841,0.067064253
2,80,0.0267,48,1,2,0.03272,0.0491,0.333604888,NA,NA,NA,0.085745665,NA
2,80,0.0267,72,1,1,0.10518,0.16392,0.358345534,NA,NA,NA,0.187405846,0.193928805
2,80,0.0267,72,1,2,0.11138,0.17204,0.35259242,NA,NA,NA,0.200451765,NA
2,20,Control,0,1,1,0.0105,0.0209,0.497607656,0.488599746,0.012739108,2.61%,-0.018436173,0
2,20,Control,0,1,2,0.0102,0.0196,0.479591837,NA,NA,NA,0.018436173,NA
2,20,Control,0.3,1,1,0.016,0.0355,0.549295775,0.553240263,0.005578348,1.01%,0.007129792,5.55E-17
2,20,Control,0.3,1,2,0.0151,0.0341,0.557184751,NA,NA,NA,-0.007129792,NA
2,20,Control,2,1,1,0.018,0.04148,0.566055931,0.567019193,0.001362259,0.24%,0.001698819,-5.55E-17
2,20,Control,2,1,2,0.0197,0.0456,0.567982456,NA,NA,NA,-0.001698819,NA
2,20,Control,24,1,1,0.03822,0.08872,0.569206492,0.566926362,0.003224591,0.57%,-0.004021916,5.55E-17
2,20,Control,24,1,2,0.03778,0.08678,0.564646232,NA,NA,NA,0.004021916,NA
2,20,Control,48,1,1,0.0386,0.0644,0.400621118,0.39278215,0.011085975,2.82%,-0.019957547,0
2,20,Control,48,1,2,0.0433,0.0704,0.384943182,NA,NA,NA,0.019957547,NA
2,20,Control,72,1,1,0.12038,0.19226,0.373868719,0.38102635,0.010122418,2.66%,0.018785133,0
2,20,Control,72,1,2,0.12344,0.20176,0.388183981,NA,NA,NA,-0.018785133,NA
2,20,26.7,0,1,1,0.0106,0.0217,0.511520737,NA,NA,NA,-0.046911591,-0.047936585
2,20,26.7,0,1,2,0.0109,0.02236,0.512522361,NA,NA,NA,-0.048961579,NA
2,20,26.7,0.3,1,1,0.01754,0.03698,0.525689562,NA,NA,NA,0.049798799,0.5248994
2,20,26.7,0.3,1,2,0.00248,0.002,-0.24,NA,NA,NA,1,NA
2,20,26.7,2,1,1,0.01752,0.0388,0.548453608,NA,NA,NA,0.032742428,0.052352948
2,20,26.7,2,1,2,0.0197,0.04158,0.526214526,NA,NA,NA,0.071963467,NA
2,20,26.7,24,1,1,0.03668,0.08208,0.553118908,NA,NA,NA,0.024354933,0.023751508
2,20,26.7,24,1,2,0.03508,0.07862,0.553803104,NA,NA,NA,0.023148083,NA
2,20,26.7,48,1,1,0.0438,0.06766,0.352645581,NA,NA,NA,0.102185318,0.075239887
2,20,26.7,48,1,2,0.04352,0.0695,0.37381295,NA,NA,NA,0.048294456,NA
2,20,26.7,72,1,1,0.12706,0.2092,0.392638623,NA,NA,NA,-0.030476299,-0.034364036
2,20,26.7,72,1,2,0.12806,0.21188,0.395601284,NA,NA,NA,-0.038251773,NA
2,20,2.67,0,1,1,0.0103,0.0195,0.471794872,NA,NA,NA,0.034393948,-0.007588924
2,20,2.67,0,1,2,0.0114,0.0234,0.512820513,NA,NA,NA,-0.049571796,NA
2,20,2.67,0.3,1,1,0.0185,0.03872,0.522210744,NA,NA,NA,0.056086878,0.528043439
2,20,2.67,0.3,1,2,0.00238,0.0019,-0.252631579,NA,NA,NA,1,NA
2,20,2.67,2,1,1,0.0188,0.04314,0.56420955,NA,NA,NA,0.004955111,0.000212698
2,20,2.67,2,1,2,0.0167,0.0388,0.569587629,NA,NA,NA,-0.004529715,NA
2,20,2.67,24,1,1,0.0461,0.11284,0.59145693,NA,NA,NA,-0.043269408,-0.045847009
2,20,2.67,24,1,2,0.04792,0.11814,0.59437955,NA,NA,NA,-0.048424609,NA
2,20,2.67,48,1,1,0.04236,0.0695,0.390503597,NA,NA,NA,0.00580106,0.010028195
2,20,2.67,48,1,2,0.0459,0.0749,0.387182911,NA,NA,NA,0.014255331,NA
2,20,2.67,72,1,1,0.14148,0.26588,0.467880247,NA,NA,NA,-0.227947218,-0.234926848
2,20,2.67,72,1,2,0.1486,0.28208,0.473199092,NA,NA,NA,-0.241906478,NA
2,20,0.267,0,1,1,0.0121,0.0241,0.497925311,NA,NA,NA,-0.019086308,-0.027655593
2,20,0.267,0,1,2,0.01254,0.0254,0.506299213,NA,NA,NA,-0.036224879,NA
2,20,0.267,0.3,1,1,0.0185,0.0396,0.532828283,NA,NA,NA,0.036895326,0.518447663
2,20,0.267,0.3,1,2,0.00248,0.002,-0.24,NA,NA,NA,1,NA
2,20,0.267,2,1,1,0.0208,0.04676,0.555175364,NA,NA,NA,0.020887882,0.005218079
2,20,0.267,2,1,2,0.0185,0.04332,0.572945522,NA,NA,NA,-0.010451724,NA
2,20,0.267,24,1,1,0.0418,0.0893,0.531914894,NA,NA,NA,0.061756642,0.059017701
2,20,0.267,24,1,2,0.03638,0.07824,0.53502045,NA,NA,NA,0.056278759,NA
2,20,0.267,48,1,1,0.0379,0.06342,0.40239672,NA,NA,NA,-0.024478124,-0.018250418
2,20,0.267,48,1,2,0.0338,0.0561,0.397504456,NA,NA,NA,-0.012022711,NA
2,20,0.267,72,1,1,0.13276,0.22156,0.400794367,NA,NA,NA,-0.051880971,-0.054071529
2,20,0.267,72,1,2,0.13,0.21756,0.402463688,NA,NA,NA,-0.056262088,NA
2,20,0.0267,0,1,1,0.0154,0.03198,0.518449031,NA,NA,NA,-0.061091486,0.000191287
2,20,0.0267,0,1,2,0.0098,0.0181,0.458563536,NA,NA,NA,0.06147406,NA
2,20,0.0267,0.3,1,1,0.0199,0.04254,0.532204984,NA,NA,NA,0.03802196,0.02218908
2,20,0.0267,0.3,1,2,0.0163,0.0362,0.549723757,NA,NA,NA,0.0063562,NA
2,20,0.0267,2,1,1,0.0192,0.0443,0.566591422,NA,NA,NA,0.000754421,-0.011794092
2,20,0.0267,2,1,2,0.0153,0.0365,0.580821918,NA,NA,NA,-0.024342605,NA
2,20,0.0267,24,1,1,0.05332,0.1248,0.57275641,NA,NA,NA,-0.010283607,-0.009676916
2,20,0.0267,24,1,2,0.03248,0.0759,0.572068511,NA,NA,NA,-0.009070224,NA
2,20,0.0267,48,1,1,0.05688,0.09264,0.386010363,NA,NA,NA,0.017240568,0.036546909
2,20,0.0267,48,1,2,0.0246,0.0391,0.37084399,NA,NA,NA,0.055853251,NA
2,20,0.0267,72,1,1,0.13844,0.22068,0.372666304,NA,NA,NA,0.021940861,-0.001364335
2,20,0.0267,72,1,2,0.11588,0.1901,0.390426092,NA,NA,NA,-0.024669531,NA
2,5,Control,0,1,1,0.0094,0.019,0.505263158,0.496640294,0.012194572,2.46%,-0.017362394,-5.55E-17
2,5,Control,0,1,2,0.0141,0.02754,0.488017429,NA,NA,NA,0.017362394,NA
2,5,Control,0.3,1,1,0.014,0.03,0.533333333,0.53,0.004714045,0.89%,-0.006289308,-5.55E-17
2,5,Control,0.3,1,2,0.0142,0.03,0.526666667,NA,NA,NA,0.006289308,NA
2,5,Control,2,1,1,0.0162,0.03756,0.568690096,0.561733067,0.009838724,1.75%,-0.012384937,-1.11E-16
2,5,Control,2,1,2,0.0165,0.03706,0.554776039,NA,NA,NA,0.012384937,NA
2,5,Control,24,1,1,0.01694,0.0434,0.609677419,0.606775664,0.004103702,0.68%,-0.004782254,-5.55E-17
2,5,Control,24,1,2,0.02086,0.05266,0.603873908,NA,NA,NA,0.004782254,NA
2,5,Control,48,1,1,0.0342,0.07746,0.558481797,0.559461999,0.001386215,0.25%,0.001752044,5.55E-17
2,5,Control,48,1,2,0.03658,0.08322,0.560442201,NA,NA,NA,-0.001752044,NA
2,5,Control,72,1,1,0.11472,0.27178,0.577893885,0.578268268,0.000529457,0.09%,0.000647421,0
2,5,Control,72,1,2,0.1048,0.24872,0.57864265,NA,NA,NA,-0.000647421,NA
2,5,26.7,0,1,1,0.01244,0.0239,0.479497908,NA,NA,NA,0.034516703,0.027023966
2,5,26.7,0,1,2,0.0165,0.03216,0.486940299,NA,NA,NA,0.019531228,NA
2,5,26.7,0.3,1,1,0.01736,0.03342,0.480550569,NA,NA,NA,0.093300814,0.113065174
2,5,26.7,0.3,1,2,0.01244,0.02302,0.459600348,NA,NA,NA,0.132829533,NA
2,5,26.7,2,1,1,0.0166,0.0343,0.516034985,NA,NA,NA,0.081351953,0.093919556
2,5,26.7,2,1,2,0.013,0.0261,0.501915709,NA,NA,NA,0.106487159,NA
2,5,26.7,24,1,1,0.03098,0.08638,0.641352165,NA,NA,NA,-0.056983995,-0.051300467
2,5,26.7,24,1,2,0.02716,0.0743,0.634454913,NA,NA,NA,-0.04561694,NA
2,5,26.7,48,1,1,0.0436,0.1051,0.585156993,NA,NA,NA,-0.045928042,-0.046781181
2,5,26.7,48,1,2,0.04792,0.11578,0.586111591,NA,NA,NA,-0.04763432,NA
2,5,26.7,72,1,1,0.12108,0.28166,0.570120003,NA,NA,NA,0.014090804,-0.001982184
2,5,26.7,72,1,2,0.09806,0.23842,0.588709001,NA,NA,NA,-0.018055173,NA
2,5,2.67,0,1,1,0.01262,0.0248,0.491129032,NA,NA,NA,0.011097088,0.024600982
2,5,2.67,0,1,2,0.015,0.02872,0.477715877,NA,NA,NA,0.038104875,NA
2,5,2.67,0.3,1,1,0.01698,0.0353,0.51898017,NA,NA,NA,0.020792132,0.019444969
2,5,2.67,0.3,1,2,0.0141,0.0294,0.520408163,NA,NA,NA,0.018097805,NA
2,5,2.67,2,1,1,0.01708,0.03794,0.549815498,NA,NA,NA,0.021215716,0.037698445
2,5,2.67,2,1,2,0.01228,0.0262,0.53129771,NA,NA,NA,0.054181175,NA
2,5,2.67,24,1,1,0.02256,0.06178,0.634833279,NA,NA,NA,-0.046240509,-0.047008585
2,5,2.67,24,1,2,0.02546,0.0699,0.635765379,NA,NA,NA,-0.047776661,NA
2,5,2.67,48,1,1,0.03794,0.0899,0.577975528,NA,NA,NA,-0.033091665,-0.033467979
2,5,2.67,48,1,2,0.04754,0.11276,0.578396595,NA,NA,NA,-0.033844292,NA
2,5,2.67,72,1,1,0.11588,0.27824,0.583525014,NA,NA,NA,-0.009090498,-0.013461918
2,5,2.67,72,1,2,0.09108,0.22138,0.588580721,NA,NA,NA,-0.017833338,NA
2,5,0.267,0,1,1,0.01246,0.0241,0.482987552,NA,NA,NA,0.027490201,0.056828737
2,5,0.267,0,1,2,0.0142,0.026,0.453846154,NA,NA,NA,0.086167273,NA
2,5,0.267,0.3,1,1,0.0191,0.0396,0.517676768,NA,NA,NA,0.023251382,0.032245198
2,5,0.267,0.3,1,2,0.0151,0.0307,0.508143322,NA,NA,NA,0.041239014,NA
2,5,0.267,2,1,1,0.016,0.03628,0.558985667,NA,NA,NA,0.004890936,0.030511935
2,5,0.267,2,1,2,0.014,0.0298,0.530201342,NA,NA,NA,0.056132934,NA
2,5,0.267,24,1,1,0.02452,0.0656,0.626219512,NA,NA,NA,-0.032044542,-0.04058941
2,5,0.267,24,1,2,0.02344,0.0645,0.636589147,NA,NA,NA,-0.049134277,NA
2,5,0.267,48,1,1,0.03784,0.09038,0.581323302,NA,NA,NA,-0.039075581,-0.044705532
2,5,0.267,48,1,2,0.04198,0.1018,0.58762279,NA,NA,NA,-0.050335484,NA
2,5,0.267,72,1,1,0.13166,0.31814,0.586157038,NA,NA,NA,-0.01364206,-0.020258213
2,5,0.267,72,1,2,0.0992,0.24422,0.593808861,NA,NA,NA,-0.026874366,NA
2,5,0.0267,0,1,1,0.0105,0.0206,0.490291262,NA,NA,NA,0.012783964,0.089080119
2,5,0.0267,0,1,2,0.0113,0.0193,0.414507772,NA,NA,NA,0.165376275,NA
2,5,0.0267,0.3,1,1,0.0195,0.0408,0.522058824,NA,NA,NA,0.014983352,0.032599219
2,5,0.0267,0.3,1,2,0.0132,0.02658,0.503386005,NA,NA,NA,0.050215086,NA
2,5,0.0267,2,1,1,0.0161,0.03696,0.564393939,NA,NA,NA,-0.004736898,0.033230254
2,5,0.0267,2,1,2,0.0121,0.0253,0.52173913,NA,NA,NA,0.071197405,NA
2,5,0.0267,24,1,1,0.02404,0.0648,0.629012346,NA,NA,NA,-0.036647287,-0.037874746
2,5,0.0267,24,1,2,0.01914,0.0518,0.630501931,NA,NA,NA,-0.039102206,NA
2,5,0.0267,48,1,1,0.0289,0.06678,0.567235699,NA,NA,NA,-0.013894956,-0.012829571
2,5,0.0267,48,1,2,0.02786,0.0642,0.566043614,NA,NA,NA,-0.011764185,NA
2,5,0.0267,72,1,1,0.11166,0.2664,0.580855856,NA,NA,NA,-0.004474719,-0.011020769
2,5,0.0267,72,1,2,0.0734,0.17834,0.588426601,NA,NA,NA,-0.017566818,NA
3,80,Control,0,1,1,0.0085,0.0186,0.543010753,0.524868605,0.025656871,4.89%,-0.034565123,-5.55E-17
3,80,Control,0,1,2,0.0088,0.01784,0.506726457,NA,NA,NA,0.034565123,NA
3,80,Control,0.3,1,1,0.0081,0.0186,0.564516129,0.548997911,0.021946075,4.00%,-0.028266443,-5.55E-17
3,80,Control,0.3,1,2,0.0085,0.01822,0.533479693,NA,NA,NA,0.028266443,NA
3,80,Control,2,1,1,0.0089,0.0189,0.529100529,0.509920635,0.027124466,5.32%,-0.037613489,-1.67E-16
3,80,Control,2,1,2,0.0088,0.01728,0.490740741,NA,NA,NA,0.037613489,NA
3,80,Control,24,1,1,0.0245,0.05236,0.532085561,0.52668332,0.007639923,1.45%,-0.010257096,5.55E-17
3,80,Control,24,1,2,0.02272,0.04746,0.521281079,NA,NA,NA,0.010257096,NA
3,80,Control,48,1,1,0.08352,0.13058,0.360392097,0.36130646,0.001293106,0.36%,0.002530715,-1.11E-16
3,80,Control,48,1,2,0.0811,0.12716,0.362220824,NA,NA,NA,-0.002530715,NA
3,80,Control,72,1,1,0.0861,0.14158,0.391863258,0.395397795,0.004998591,1.26%,0.008939194,0
3,80,Control,72,1,2,0.08332,0.13862,0.398932333,NA,NA,NA,-0.008939194,NA
3,80,26.7,0,1,1,0.00748,0.016,0.5325,NA,NA,NA,-0.014539629,0.075205556
3,80,26.7,0,1,2,0.0071,0.01264,0.438291139,NA,NA,NA,0.164950742,NA
3,80,26.7,0.3,1,1,0.0089,0.02,0.555,NA,NA,NA,-0.010932809,0.045396472
3,80,26.7,0.3,1,2,0.0074,0.0146,0.493150685,NA,NA,NA,0.101725753,NA
3,80,26.7,2,1,1,0.00748,0.0156,0.520512821,NA,NA,NA,-0.020772224,0.056418
3,80,26.7,2,1,2,0.00748,0.0134,0.441791045,NA,NA,NA,0.133608223,NA
3,80,26.7,24,1,1,0.0297,0.06324,0.530360531,NA,NA,NA,-0.006981826,-0.001892875
3,80,26.7,24,1,2,0.0209,0.044,0.525,NA,NA,NA,0.003196076,NA
3,80,26.7,48,1,1,0.09774,0.1509,0.352286282,NA,NA,NA,0.024965449,0.024021106
3,80,26.7,48,1,2,0.08304,0.12834,0.352968677,NA,NA,NA,0.023076763,NA
3,80,26.7,72,1,1,0.0999,0.16776,0.404506438,NA,NA,NA,-0.023036655,-0.024377649
3,80,26.7,72,1,2,0.08158,0.13724,0.40556689,NA,NA,NA,-0.025718643,NA
3,80,2.67,0,1,1,0.0065,0.013,0.5,NA,NA,NA,0.04738063,0.087418255
3,80,2.67,0,1,2,0.00748,0.0138,0.457971014,NA,NA,NA,0.127455881,NA
3,80,2.67,0.3,1,1,0.00782,0.01718,0.544819558,NA,NA,NA,0.007610873,0.026745767
3,80,2.67,0.3,1,2,0.009,0.0189,0.523809524,NA,NA,NA,0.045880661,NA
3,80,2.67,2,1,1,0.0068,0.0132,0.484848485,NA,NA,NA,0.04916873,0.094941094
3,80,2.67,2,1,2,0.00736,0.0131,0.438167939,NA,NA,NA,0.140713458,NA
3,80,2.67,24,1,1,0.0215,0.0438,0.50913242,NA,NA,NA,0.03332344,0.006564317
3,80,2.67,24,1,2,0.02244,0.0485,0.537319588,NA,NA,NA,-0.020194806,NA
3,80,2.67,48,1,1,0.0744,0.11618,0.359614391,NA,NA,NA,0.004683196,0.009576853
3,80,2.67,48,1,2,0.07776,0.12076,0.356078172,NA,NA,NA,0.01447051,NA
3,80,2.67,72,1,1,0.08178,0.13324,0.386220354,NA,NA,NA,0.023210653,0.035950808
3,80,2.67,72,1,2,0.0885,0.14186,0.376145496,NA,NA,NA,0.048690964,NA
3,80,0.267,0,1,1,0.00738,0.0147,0.497959184,NA,NA,NA,0.051268872,0.078192005
3,80,0.267,0,1,2,0.007,0.0132,0.46969697,NA,NA,NA,0.105115137,NA
3,80,0.267,0.3,1,1,0.0097,0.02244,0.567736185,NA,NA,NA,-0.034131778,-0.031837785
3,80,0.267,0.3,1,2,0.01,0.023,0.565217391,NA,NA,NA,-0.029543793,NA
3,80,0.267,2,1,1,0.0082,0.01726,0.524913094,NA,NA,NA,-0.029401554,0.004178601
3,80,0.267,2,1,2,0.00764,0.015,0.490666667,NA,NA,NA,0.037758755,NA
3,80,0.267,24,1,1,0.0336,0.07168,0.53125,NA,NA,NA,-0.008670637,0.006826937
3,80,0.267,24,1,2,0.0312,0.06432,0.514925373,NA,NA,NA,0.02232451,NA
3,80,0.267,48,1,1,0.1011,0.15442,0.345292061,NA,NA,NA,0.044323591,0.049381693
3,80,0.267,48,1,2,0.1036,0.15736,0.341637011,NA,NA,NA,0.054439795,NA
3,80,0.267,72,1,1,0.11598,0.18706,0.379985032,NA,NA,NA,0.038980399,0.045998536
3,80,0.267,72,1,2,0.11628,0.18588,0.374435119,NA,NA,NA,0.053016674,NA
3,80,0.0267,0,1,1,0.00756,0.0156,0.515384615,NA,NA,NA,0.018069265,0.032724947
3,80,0.0267,0,1,2,0.0078,0.0156,0.5,NA,NA,NA,0.04738063,NA
3,80,0.0267,0.3,1,1,0.0105,0.02252,0.53374778,NA,NA,NA,0.027778122,0.004024589
3,80,0.0267,0.3,1,2,0.0103,0.0234,0.55982906,NA,NA,NA,-0.019728944,NA
3,80,0.0267,2,1,1,0.008,0.0166,0.518072289,NA,NA,NA,-0.015986123,-0.018413615
3,80,0.0267,2,1,2,0.0084,0.01752,0.520547945,NA,NA,NA,-0.020841107,NA
3,80,0.0267,24,1,1,0.0305,0.06548,0.534208919,NA,NA,NA,-0.014288659,-0.007654418
3,80,0.0267,24,1,2,0.033,0.0698,0.52722063,NA,NA,NA,-0.001020177,NA
3,80,0.0267,48,1,1,0.08678,0.13038,0.334407118,NA,NA,NA,0.074450213,0.076200915
3,80,0.0267,48,1,2,0.09296,0.1394,0.333142037,NA,NA,NA,0.077951618,NA
3,80,0.0267,72,1,1,0.09228,0.144,0.359166667,NA,NA,NA,0.091632096,0.09581954
3,80,0.0267,72,1,2,0.09648,0.14978,0.355855254,NA,NA,NA,0.100006984,NA
3,20,Control,0,1,1,0.0069,0.01218,0.433497537,0.425082102,0.011901223,2.80%,-0.019797199,0
3,20,Control,0,1,2,0.0063,0.0108,0.416666667,NA,NA,NA,0.019797199,NA
3,20,Control,0.3,1,1,0.0085,0.01718,0.50523865,0.510316018,0.007180483,1.41%,0.009949459,-5.55E-17
3,20,Control,0.3,1,2,0.0085,0.01754,0.515393387,NA,NA,NA,-0.009949459,NA
3,20,Control,2,1,1,0.0065,0.0111,0.414414414,0.411555033,0.004043776,0.98%,-0.006947749,0
3,20,Control,2,1,2,0.0068,0.0115,0.408695652,NA,NA,NA,0.006947749,NA
3,20,Control,24,1,1,0.0244,0.0603,0.595356551,0.592760243,0.003671734,0.62%,-0.004380031,5.55E-17
3,20,Control,24,1,2,0.025,0.061,0.590163934,NA,NA,NA,0.004380031,NA
3,20,Control,48,1,1,0.06266,0.11028,0.431809938,0.434485228,0.00378343,0.87%,0.006157377,0
3,20,Control,48,1,2,0.0601,0.10678,0.437160517,NA,NA,NA,-0.006157377,NA
3,20,Control,72,1,1,0.08148,0.13796,0.409394027,0.410732781,0.001893284,0.46%,0.003259428,-5.55E-17
3,20,Control,72,1,2,0.0789,0.1342,0.412071535,NA,NA,NA,-0.003259428,NA
3,20,26.7,0,1,1,0.0065,0.0119,0.453781513,NA,NA,NA,-0.067514983,-0.070289551
3,20,26.7,0,1,2,0.0062,0.0114,0.456140351,NA,NA,NA,-0.073064119,NA
3,20,26.7,0.3,1,1,0.0085,0.01772,0.520316027,NA,NA,NA,-0.019595718,-0.027172155
3,20,26.7,0.3,1,2,0.00774,0.0164,0.52804878,NA,NA,NA,-0.034748591,NA
3,20,26.7,2,1,1,0.0069,0.01226,0.437194127,NA,NA,NA,-0.062298094,-0.11140187
3,20,26.7,2,1,2,0.007,0.0134,0.47761194,NA,NA,NA,-0.160505647,NA
3,20,26.7,24,1,1,0.0245,0.0555,0.558558559,NA,NA,NA,0.057699018,0.055809561
3,20,26.7,24,1,2,0.0242,0.0551,0.560798548,NA,NA,NA,0.053920105,NA
3,20,26.7,48,1,1,0.0801,0.13372,0.400987137,NA,NA,NA,0.077098341,0.078164092
3,20,26.7,48,1,2,0.07864,0.13108,0.400061031,NA,NA,NA,0.079229843,NA
3,20,26.7,72,1,1,0.09362,0.15988,0.414435827,NA,NA,NA,-0.009015705,-0.01525689
3,20,26.7,72,1,2,0.09186,0.15826,0.419562745,NA,NA,NA,-0.021498074,NA
3,20,2.67,0,1,1,0.0062,0.0106,0.41509434,NA,NA,NA,0.023496078,-0.055437271
3,20,2.67,0,1,2,0.0064,0.01236,0.482200647,NA,NA,NA,-0.13437062,NA
3,20,2.67,0.3,1,1,0.0088,0.0171,0.485380117,NA,NA,NA,0.048863646,-0.004652099
3,20,2.67,0.3,1,2,0.0092,0.02,0.54,NA,NA,NA,-0.058167843,NA
3,20,2.67,2,1,1,0.0069,0.0116,0.405172414,NA,NA,NA,0.015508544,-0.055032301
3,20,2.67,2,1,2,0.0073,0.0136,0.463235294,NA,NA,NA,-0.125573147,NA
3,20,2.67,24,1,1,0.0241,0.0585,0.588034188,NA,NA,NA,0.007972961,0.021124152
3,20,2.67,24,1,2,0.0301,0.0704,0.572443182,NA,NA,NA,0.034275343,NA
3,20,2.67,48,1,1,0.08266,0.14568,0.432591982,NA,NA,NA,0.004357444,0.00440134
3,20,2.67,48,1,2,0.0859,0.15138,0.432553838,NA,NA,NA,0.004445237,NA
3,20,2.67,72,1,1,0.10488,0.175,0.400685714,NA,NA,NA,0.024461322,0.021660217
3,20,2.67,72,1,2,0.10794,0.1808,0.402986726,NA,NA,NA,0.018859112,NA
3,20,0.267,0,1,1,0.0083,0.0159,0.477987421,NA,NA,NA,-0.124459062,-0.096580086
3,20,0.267,0,1,2,0.00764,0.014,0.454285714,NA,NA,NA,-0.068701111,NA
3,20,0.267,0.3,1,1,0.0118,0.0254,0.535433071,NA,NA,NA,-0.049218625,-0.060651128
3,20,0.267,0.3,1,2,0.01,0.02208,0.547101449,NA,NA,NA,-0.07208363,NA
3,20,0.267,2,1,1,0.0087,0.0162,0.462962963,NA,NA,NA,-0.124911435,-0.128278302
3,20,0.267,2,1,2,0.00764,0.0143,0.465734266,NA,NA,NA,-0.13164517,NA
3,20,0.267,24,1,1,0.0403,0.0992,0.59375,NA,NA,NA,-0.001669743,0.000165213
3,20,0.267,24,1,2,0.0318,0.07786,0.591574621,NA,NA,NA,0.00200017,NA
3,20,0.267,48,1,1,0.1187,0.19998,0.406440644,NA,NA,NA,0.064546691,0.058672632
3,20,0.267,48,1,2,0.1103,0.18744,0.411545028,NA,NA,NA,0.052798573,NA
3,20,0.267,72,1,1,0.14008,0.23474,0.403254665,NA,NA,NA,0.018206768,0.013400648
3,20,0.267,72,1,2,0.12872,0.21714,0.407202726,NA,NA,NA,0.008594529,NA
3,20,0.0267,0,1,1,0.0091,0.0183,0.50273224,NA,NA,NA,-0.18267092,-0.092517414
3,20,0.0267,0,1,2,0.0066,0.0115,0.426086957,NA,NA,NA,-0.002363907,NA
3,20,0.0267,0.3,1,1,0.01254,0.02786,0.549892319,NA,NA,NA,-0.077552535,-0.051172684
3,20,0.0267,0.3,1,2,0.0081,0.01698,0.522968198,NA,NA,NA,-0.024792833,NA
3,20,0.0267,2,1,1,0.0101,0.0208,0.514423077,NA,NA,NA,-0.249949667,-0.148640502
3,20,0.0267,2,1,2,0.0066,0.0116,0.431034483,NA,NA,NA,-0.047331336,NA
3,20,0.0267,24,1,1,0.0401,0.09588,0.581768878,NA,NA,NA,0.018542682,0.030342493
3,20,0.0267,24,1,2,0.022,0.0509,0.567779961,NA,NA,NA,0.042142303,NA
3,20,0.0267,48,1,1,0.1346,0.24618,0.453245593,NA,NA,NA,-0.043178373,-0.05012282
3,20,0.0267,48,1,2,0.10756,0.19892,0.459280113,NA,NA,NA,-0.057067268,NA
3,20,0.0267,72,1,1,0.16794,0.27284,0.384474417,NA,NA,NA,0.063930529,0.050299247
3,20,0.0267,72,1,2,0.12958,0.21442,0.395672046,NA,NA,NA,0.036667966,NA
3,5,Control,0,1,1,0.0065,0.013,0.5,0.507352941,0.010398629,2.05%,0.014492754,-5.55E-17
3,5,Control,0,1,2,0.0066,0.0136,0.514705882,NA,NA,NA,-0.014492754,NA
3,5,Control,0.3,1,1,0.0071,0.0158,0.550632911,0.561846136,0.015857894,2.82%,0.019957821,5.55E-17
3,5,Control,0.3,1,2,0.00748,0.01752,0.573059361,NA,NA,NA,-0.019957821,NA
3,5,Control,2,1,1,0.0069,0.0147,0.530612245,0.523476057,0.010092094,1.93%,-0.01363231,-5.55E-17
3,5,Control,2,1,2,0.0074,0.0153,0.516339869,NA,NA,NA,0.01363231,NA
3,5,Control,24,1,1,0.0139,0.0344,0.595930233,0.585107973,0.015304986,2.62%,-0.018496174,0
3,5,Control,24,1,2,0.0149,0.035,0.574285714,NA,NA,NA,0.018496174,NA
3,5,Control,48,1,1,0.0389,0.09646,0.596724031,0.59708842,0.000515324,0.09%,0.000610276,0
3,5,Control,48,1,2,0.0354,0.08794,0.597452809,NA,NA,NA,-0.000610276,NA
3,5,Control,72,1,1,0.06228,0.1514,0.588639366,0.589800151,0.001641597,0.28%,0.001968098,-5.55E-17
3,5,Control,72,1,2,0.05738,0.14028,0.590960935,NA,NA,NA,-0.001968098,NA
3,5,26.7,0,1,1,0.0059,0.01208,0.511589404,NA,NA,NA,-0.00835013,0.057821715
3,5,26.7,0,1,2,0.008,0.0144,0.444444444,NA,NA,NA,0.123993559,NA
3,5,26.7,0.3,1,1,0.0097,0.0207,0.531400966,NA,NA,NA,0.054187736,0.11118467
3,5,26.7,0.3,1,2,0.0093,0.01746,0.467353952,NA,NA,NA,0.168181604,NA
3,5,26.7,2,1,1,0.0085,0.01734,0.509803922,NA,NA,NA,0.026117977,0.098459382
3,5,26.7,2,1,2,0.0103,0.0182,0.434065934,NA,NA,NA,0.170800788,NA
3,5,26.7,24,1,1,0.0211,0.05198,0.594074644,NA,NA,NA,-0.015324814,-0.01856688
3,5,26.7,24,1,2,0.02264,0.0563,0.597868561,NA,NA,NA,-0.021808945,NA
3,5,26.7,48,1,1,0.05,0.13304,0.624173181,NA,NA,NA,-0.045361391,-0.040084668
3,5,26.7,48,1,2,0.039,0.10206,0.61787184,NA,NA,NA,-0.034807944,NA
3,5,26.7,72,1,1,0.08246,0.21186,0.610780704,NA,NA,NA,-0.03557231,-0.038412574
3,5,26.7,72,1,2,0.06488,0.16814,0.614131081,NA,NA,NA,-0.041252839,NA
3,5,2.67,0,1,1,0.0059,0.0117,0.495726496,NA,NA,NA,0.022915892,0.05953248
3,5,2.67,0,1,2,0.00758,0.014,0.458571429,NA,NA,NA,0.096149068,NA
3,5,2.67,0.3,1,1,0.00754,0.0166,0.545783133,NA,NA,NA,0.028589684,0.080055131
3,5,2.67,0.3,1,2,0.0085,0.0166,0.487951807,NA,NA,NA,0.131520578,NA
3,5,2.67,2,1,1,0.00764,0.0158,0.516455696,NA,NA,NA,0.013411045,0.082192846
3,5,2.67,2,1,2,0.01,0.018,0.444444444,NA,NA,NA,0.150974646,NA
3,5,2.67,24,1,1,0.0186,0.0446,0.582959641,NA,NA,NA,0.003671685,-0.005139704
3,5,2.67,24,1,2,0.0191,0.04696,0.593270869,NA,NA,NA,-0.013951092,NA
3,5,2.67,48,1,1,0.04332,0.10932,0.603732162,NA,NA,NA,-0.011126899,-0.0111687
3,5,2.67,48,1,2,0.0352,0.08884,0.60378208,NA,NA,NA,-0.011210501,NA
3,5,2.67,72,1,1,0.06294,0.1553,0.594719897,NA,NA,NA,-0.008341379,-0.007977493
3,5,2.67,72,1,2,0.05628,0.13872,0.594290657,NA,NA,NA,-0.007613607,NA
3,5,0.267,0,1,1,0.0067,0.0139,0.517985612,NA,NA,NA,-0.020957147,0.050586284
3,5,0.267,0,1,2,0.00782,0.0141,0.445390071,NA,NA,NA,0.122129715,NA
3,5,0.267,0.3,1,1,0.0097,0.0208,0.533653846,NA,NA,NA,0.050177955,0.087116225
3,5,0.267,0.3,1,2,0.0097,0.0191,0.492146597,NA,NA,NA,0.124054496,NA
3,5,0.267,2,1,1,0.00782,0.0164,0.523170732,NA,NA,NA,0.000583265,0.074500303
3,5,0.267,2,1,2,0.0092,0.0166,0.445783133,NA,NA,NA,0.148417341,NA
3,5,0.267,24,1,1,0.0186,0.0445,0.582022472,NA,NA,NA,0.005273388,-0.002682613
3,5,0.267,24,1,2,0.01754,0.04292,0.591332712,NA,NA,NA,-0.010638615,NA
3,5,0.267,48,1,1,0.04726,0.12166,0.611540358,NA,NA,NA,-0.024204018,-0.021684161
3,5,0.267,48,1,2,0.03726,0.09518,0.608531204,NA,NA,NA,-0.019164305,NA
3,5,0.267,72,1,1,0.0794,0.19854,0.600080588,NA,NA,NA,-0.017430375,-0.019856991
3,5,0.267,72,1,2,0.06314,0.15902,0.602943026,NA,NA,NA,-0.022283608,NA
3,5,0.0267,0,1,1,0.0072,0.0154,0.532467532,NA,NA,NA,-0.049501223,0.067126002
3,5,0.0267,0,1,2,0.0073,0.01246,0.414125201,NA,NA,NA,0.183753228,NA
3,5,0.0267,0.3,1,1,0.0088,0.0188,0.531914894,NA,NA,NA,0.053273024,0.112850492
3,5,0.0267,0.3,1,2,0.0084,0.0157,0.464968153,NA,NA,NA,0.17242796,NA
3,5,0.0267,2,1,1,0.00764,0.0158,0.516455696,NA,NA,NA,0.013411045,0.088825856
3,5,0.0267,2,1,2,0.0081,0.0144,0.4375,NA,NA,NA,0.164240668,NA
3,5,0.0267,24,1,1,0.0163,0.0399,0.591478697,NA,NA,NA,-0.010888116,-0.001938391
3,5,0.0267,24,1,2,0.015,0.0358,0.581005587,NA,NA,NA,0.007011333,NA
3,5,0.0267,48,1,1,0.0538,0.14138,0.619465271,NA,NA,NA,-0.037476612,-0.038146582
3,5,0.0267,48,1,2,0.0395,0.10402,0.620265334,NA,NA,NA,-0.038816552,NA
3,5,0.0267,72,1,1,0.08342,0.21366,0.609566601,NA,NA,NA,-0.033513811,-0.0379002
3,5,0.0267,72,1,2,0.06168,0.1601,0.614740787,NA,NA,NA,-0.042286589,NA
4,80,Control,0,1,1,0.01272,0.0266,0.521804511,0.501286871,0.029016325,5.79%,-0.040929937,-5.55E-17
4,80,Control,0,1,2,0.0135,0.026,0.480769231,NA,NA,NA,0.040929937,NA
4,80,Control,0.3,1,1,0.01218,0.02708,0.550221566,0.539816665,0.014714751,2.73%,-0.019274878,-1.11E-16
4,80,Control,0.3,1,2,0.012,0.0255,0.529411765,NA,NA,NA,0.019274878,NA
4,80,Control,2,1,1,0.0107,0.0248,0.568548387,0.552545138,0.022632012,4.10%,-0.02896279,-5.55E-17
4,80,Control,2,1,2,0.0104,0.02244,0.536541889,NA,NA,NA,0.02896279,NA
4,80,Control,24,1,1,0.0215,0.0409,0.474327628,0.463531973,0.015267362,3.29%,-0.02328999,-5.55E-17
4,80,Control,24,1,2,0.022,0.0402,0.452736318,NA,NA,NA,0.02328999,NA
4,80,Control,48,1,1,0.0432,0.0695,0.378417266,0.384511844,0.008619034,2.24%,0.015850168,0
4,80,Control,48,1,2,0.041,0.06728,0.390606421,NA,NA,NA,-0.015850168,NA
4,80,Control,72,1,1,0.06246,0.10276,0.392175944,0.387349906,0.006825048,1.76%,-0.012459116,0
4,80,Control,72,1,2,0.0595,0.09636,0.382523869,NA,NA,NA,0.012459116,NA
4,80,26.7,0,1,1,0.01256,0.0265,0.526037736,NA,NA,NA,-0.049374652,-0.038903172
4,80,26.7,0,1,2,0.0106,0.02188,0.515539305,NA,NA,NA,-0.028431693,NA
4,80,26.7,0.3,1,1,0.0168,0.0345,0.513043478,NA,NA,NA,0.049596814,0.037691906
4,80,26.7,0.3,1,2,0.0119,0.0251,0.525896414,NA,NA,NA,0.025786997,NA
4,80,26.7,2,1,1,0.0133,0.0289,0.539792388,NA,NA,NA,0.023080016,0.027521886
4,80,26.7,2,1,2,0.01,0.0215,0.534883721,NA,NA,NA,0.031963755,NA
4,80,26.7,24,1,1,0.03728,0.059,0.368135593,NA,NA,NA,0.205803236,0.197258047
4,80,26.7,24,1,2,0.0295,0.04728,0.37605753,NA,NA,NA,0.188712859,NA
4,80,26.7,48,1,1,0.06332,0.10096,0.372820919,NA,NA,NA,0.030404589,0.040836637
4,80,26.7,48,1,2,0.05168,0.08136,0.364798427,NA,NA,NA,0.051268686,NA
4,80,26.7,72,1,1,0.07676,0.12892,0.404591995,NA,NA,NA,-0.044512954,-0.034609036
4,80,26.7,72,1,2,0.06108,0.10128,0.396919431,NA,NA,NA,-0.024705117,NA
4,80,2.67,0,1,1,0.0116,0.0241,0.518672199,NA,NA,NA,-0.034681395,-0.054175584
4,80,2.67,0,1,2,0.0145,0.0314,0.538216561,NA,NA,NA,-0.073669772,NA
4,80,2.67,0.3,1,1,0.0146,0.03188,0.542032622,NA,NA,NA,-0.004105018,-0.010678297
4,80,2.67,0.3,1,2,0.0145,0.03216,0.549129353,NA,NA,NA,-0.017251576,NA
4,80,2.67,2,1,1,0.012,0.02774,0.56741168,NA,NA,NA,-0.026905569,-0.027690628
4,80,2.67,2,1,2,0.0141,0.03266,0.568279241,NA,NA,NA,-0.028475687,NA
4,80,2.67,24,1,1,0.0345,0.0613,0.437194127,NA,NA,NA,0.056819912,0.062335392
4,80,2.67,24,1,2,0.0393,0.0692,0.432080925,NA,NA,NA,0.067850872,NA
4,80,2.67,48,1,1,0.05792,0.0945,0.387089947,NA,NA,NA,-0.006704874,0.005262324
4,80,2.67,48,1,2,0.06842,0.10998,0.377886889,NA,NA,NA,0.017229521,NA
4,80,2.67,72,1,1,0.07618,0.12226,0.376901685,NA,NA,NA,0.0269736,0.022434263
4,80,2.67,72,1,2,0.08176,0.13196,0.380418309,NA,NA,NA,0.017894926,NA
4,80,0.267,0,1,1,0.0137,0.0293,0.532423208,NA,NA,NA,-0.062112812,-0.060942616
4,80,0.267,0,1,2,0.0135,0.0288,0.53125,NA,NA,NA,-0.059772419,NA
4,80,0.267,0.3,1,1,0.01736,0.03774,0.540010599,NA,NA,NA,-0.000359258,-0.007921221
4,80,0.267,0.3,1,2,0.0151,0.03342,0.548174746,NA,NA,NA,-0.015483183,NA
4,80,0.267,2,1,1,0.0139,0.0317,0.561514196,NA,NA,NA,-0.016232262,-0.019338774
4,80,0.267,2,1,2,0.014,0.03218,0.564947172,NA,NA,NA,-0.022445286,NA
4,80,0.267,24,1,1,0.0292,0.05352,0.454409567,NA,NA,NA,0.019680211,0.031946454
4,80,0.267,24,1,2,0.0308,0.0553,0.443037975,NA,NA,NA,0.044212697,NA
4,80,0.267,48,1,1,0.06264,0.10088,0.379064235,NA,NA,NA,0.014167597,0.014921466
4,80,0.267,48,1,2,0.06332,0.10188,0.378484492,NA,NA,NA,0.015675335,NA
4,80,0.267,72,1,1,0.0937,0.14892,0.370803116,NA,NA,NA,0.042717941,0.044573433
4,80,0.267,72,1,2,0.09206,0.14598,0.369365667,NA,NA,NA,0.046428925,NA
4,80,0.0267,0,1,1,0.0156,0.0318,0.509433962,NA,NA,NA,-0.016252353,-0.034149849
4,80,0.0267,0,1,2,0.0164,0.0347,0.527377522,NA,NA,NA,-0.052047345,NA
4,80,0.0267,0.3,1,1,0.01752,0.0362,0.516022099,NA,NA,NA,0.044078976,0.006566574
4,80,0.0267,0.3,1,2,0.0153,0.0345,0.556521739,NA,NA,NA,-0.030945828,NA
4,80,0.0267,2,1,1,0.0156,0.0338,0.538461538,NA,NA,NA,0.025488596,0.003736109
4,80,0.0267,2,1,2,0.0147,0.0336,0.5625,NA,NA,NA,-0.018016377,NA
4,80,0.0267,24,1,1,0.0302,0.05862,0.484817468,NA,NA,NA,-0.04592023,-0.028767687
4,80,0.0267,24,1,2,0.034,0.06402,0.468915964,NA,NA,NA,-0.011615143,NA
4,80,0.0267,48,1,1,0.0684,0.11038,0.380322522,NA,NA,NA,0.010895169,0.033010472
4,80,0.0267,48,1,2,0.0613,0.09628,0.36331533,NA,NA,NA,0.055125775,NA
4,80,0.0267,72,1,1,0.08098,0.13196,0.386329191,NA,NA,NA,0.002635126,0.030799683
4,80,0.0267,72,1,2,0.0886,0.13942,0.364510113,NA,NA,NA,0.058964241,NA
4,20,Control,0,1,1,0.0131,0.02802,0.532476802,0.530524115,0.002761516,0.52%,-0.003680675,0
4,20,Control,0,1,2,0.01254,0.0266,0.528571429,NA,NA,NA,0.003680675,NA
4,20,Control,0.3,1,1,0.013,0.0294,0.557823129,0.559639488,0.00256872,0.46%,0.003245588,-1.11E-16
4,20,Control,0.3,1,2,0.0147,0.03352,0.561455847,NA,NA,NA,-0.003245588,NA
4,20,Control,2,1,1,0.0143,0.0343,0.583090379,0.578620019,0.006322043,1.09%,-0.007725899,1.67E-16
4,20,Control,2,1,2,0.01252,0.0294,0.57414966,NA,NA,NA,0.007725899,NA
4,20,Control,24,1,1,0.0461,0.1043,0.558005753,0.557902989,0.00014533,0.03%,-0.000184197,1.11E-16
4,20,Control,24,1,2,0.0394,0.0891,0.557800224,NA,NA,NA,0.000184197,NA
4,20,Control,48,1,1,0.0735,0.12206,0.397837129,0.397695323,0.000200544,0.05%,-0.00035657,-5.55E-17
4,20,Control,48,1,2,0.06698,0.11118,0.397553517,NA,NA,NA,0.00035657,NA
4,20,Control,72,1,1,0.0895,0.1499,0.40293529,0.404291337,0.001917739,0.47%,0.003354132,-1.11E-16
4,20,Control,72,1,2,0.0863,0.1452,0.405647383,NA,NA,NA,-0.003354132,NA
4,20,26.7,0,1,1,0.0162,0.03696,0.561688312,NA,NA,NA,-0.05874228,-0.037482288
4,20,26.7,0,1,2,0.0159,0.0345,0.539130435,NA,NA,NA,-0.016222296,NA
4,20,26.7,0.3,1,1,0.0157,0.036,0.563888889,NA,NA,NA,-0.007593104,-0.002920747
4,20,26.7,0.3,1,2,0.0158,0.0358,0.558659218,NA,NA,NA,0.00175161,NA
4,20,26.7,2,1,1,0.0179,0.04292,0.582945014,NA,NA,NA,-0.007474671,-0.005227053
4,20,26.7,2,1,2,0.01708,0.0407,0.58034398,NA,NA,NA,-0.002979435,NA
4,20,26.7,24,1,1,0.06708,0.1646,0.592466586,NA,NA,NA,-0.061952701,-0.065709189
4,20,26.7,24,1,2,0.06276,0.1556,0.596658098,NA,NA,NA,-0.069465678,NA
4,20,26.7,48,1,1,0.13088,0.21998,0.405036822,NA,NA,NA,-0.018460108,-0.028692336
4,20,26.7,48,1,2,0.11794,0.20098,0.41317544,NA,NA,NA,-0.038924565,NA
4,20,26.7,72,1,1,0.1146,0.1889,0.393329804,NA,NA,NA,0.027112954,-0.003226315
4,20,26.7,72,1,2,0.12098,0.20782,0.417861611,NA,NA,NA,-0.033565583,NA
4,20,2.67,0,1,1,0.014,0.0292,0.520547945,NA,NA,NA,0.018804367,-0.010148656
4,20,2.67,0,1,2,0.01698,0.03784,0.551268499,NA,NA,NA,-0.039101679,NA
4,20,2.67,0.3,1,1,0.015,0.03294,0.544626594,NA,NA,NA,0.02682601,0.015328527
4,20,2.67,0.3,1,2,0.0147,0.03322,0.557495485,NA,NA,NA,0.003831044,NA
4,20,2.67,2,1,1,0.0141,0.0337,0.581602374,NA,NA,NA,-0.005154254,-0.011936265
4,20,2.67,2,1,2,0.0151,0.03678,0.589450788,NA,NA,NA,-0.018718276,NA
4,20,2.67,24,1,1,0.0482,0.10728,0.550708427,NA,NA,NA,0.012895722,0.01048679
4,20,2.67,24,1,2,0.0501,0.11218,0.553396327,NA,NA,NA,0.008077858,NA
4,20,2.67,48,1,1,0.08766,0.14814,0.408262454,NA,NA,NA,-0.026570922,-0.032606678
4,20,2.67,48,1,2,0.0904,0.15402,0.413063239,NA,NA,NA,-0.038642435,NA
4,20,2.67,72,1,1,0.0956,0.15412,0.379704127,NA,NA,NA,0.060815575,0.052102236
4,20,2.67,72,1,2,0.10256,0.16724,0.386749581,NA,NA,NA,0.043388897,NA
4,20,0.267,0,1,1,0.0161,0.0337,0.522255193,NA,NA,NA,0.015586327,0.009692553
4,20,0.267,0,1,2,0.0129,0.02736,0.528508772,NA,NA,NA,0.003798778,NA
4,20,0.267,0.3,1,1,0.0165,0.0362,0.544198895,NA,NA,NA,0.02759025,0.027008086
4,20,0.267,0.3,1,2,0.0137,0.0301,0.544850498,NA,NA,NA,0.026425923,NA
4,20,0.267,2,1,1,0.0161,0.03812,0.577649528,NA,NA,NA,0.001677252,0.002780924
4,20,0.267,2,1,2,0.0142,0.03352,0.576372315,NA,NA,NA,0.003884595,NA
4,20,0.267,24,1,1,0.04,0.08648,0.53746531,NA,NA,NA,0.036633033,0.045404257
4,20,0.267,24,1,2,0.0343,0.07262,0.527678326,NA,NA,NA,0.054175481,NA
4,20,0.267,48,1,1,0.0737,0.12518,0.411247803,NA,NA,NA,-0.034077545,-0.050959756
4,20,0.267,48,1,2,0.0692,0.12028,0.424675757,NA,NA,NA,-0.067841968,NA
4,20,0.267,72,1,1,0.0893,0.14802,0.396703148,NA,NA,NA,0.018769109,0.004468431
4,20,0.267,72,1,2,0.0796,0.13452,0.408266429,NA,NA,NA,-0.009832247,NA
4,20,0.0267,0,1,1,0.017,0.0366,0.535519126,NA,NA,NA,-0.009415237,0.001971263
4,20,0.0267,0,1,2,0.0122,0.0256,0.5234375,NA,NA,NA,0.013357763,NA
4,20,0.0267,0.3,1,1,0.018,0.0395,0.544303797,NA,NA,NA,0.027402803,0.053791099
4,20,0.0267,0.3,1,2,0.0115,0.0237,0.514767932,NA,NA,NA,0.080179395,NA
4,20,0.0267,2,1,1,0.0166,0.03822,0.565672423,NA,NA,NA,0.022376683,0.015796157
4,20,0.0267,2,1,2,0.01246,0.0292,0.573287671,NA,NA,NA,0.00921563,NA
4,20,0.0267,24,1,1,0.0442,0.09668,0.54282168,NA,NA,NA,0.027032135,0.025491948
4,20,0.0267,24,1,2,0.0317,0.0696,0.54454023,NA,NA,NA,0.02395176,NA
4,20,0.0267,48,1,1,0.08276,0.13982,0.408096124,NA,NA,NA,-0.026152685,-0.037422241
4,20,0.0267,48,1,2,0.06178,0.10598,0.417059823,NA,NA,NA,-0.048691796,NA
4,20,0.0267,72,1,1,0.10392,0.16912,0.385525071,NA,NA,NA,0.046417679,0.032103139
4,20,0.0267,72,1,2,0.074,0.12274,0.39709956,NA,NA,NA,0.017788599,NA
4,5,Control,0,1,1,0.0109,0.024,0.545833333,0.530406545,0.021816773,4.11%,-0.029084837,5.55E-17
4,5,Control,0,1,2,0.01198,0.0247,0.514979757,NA,NA,NA,0.029084837,NA
4,5,Control,0.3,1,1,0.01198,0.02688,0.554315476,0.552667942,0.002329965,0.42%,-0.002981056,5.55E-17
4,5,Control,0.3,1,2,0.011,0.0245,0.551020408,NA,NA,NA,0.002981056,NA
4,5,Control,2,1,1,0.0101,0.026,0.611538462,0.593584357,0.025390938,4.28%,-0.03024693,-1.11E-16
4,5,Control,2,1,2,0.0101,0.0238,0.575630252,NA,NA,NA,0.03024693,NA
4,5,Control,24,1,1,0.0248,0.0593,0.581787521,0.574889177,0.009755732,1.70%,-0.011999433,-5.55E-17
4,5,Control,24,1,2,0.02262,0.05236,0.567990833,NA,NA,NA,0.011999433,NA
4,5,Control,48,1,1,0.04832,0.11784,0.589952478,0.58937489,0.000816832,0.14%,-0.000980001,0
4,5,Control,48,1,2,0.0439,0.10676,0.588797302,NA,NA,NA,0.000980001,NA
4,5,Control,72,1,1,0.07932,0.1897,0.581866104,0.582474362,0.000860206,0.15%,0.001044265,0
4,5,Control,72,1,2,0.07206,0.17284,0.58308262,NA,NA,NA,-0.001044265,NA
4,5,26.7,0,1,1,0.0143,0.0294,0.513605442,NA,NA,NA,0.031675897,0.035983251
4,5,26.7,0,1,2,0.0163,0.0332,0.509036145,NA,NA,NA,0.040290605,NA
4,5,26.7,0.3,1,1,0.0146,0.0296,0.506756757,NA,NA,NA,0.083071917,0.086247426
4,5,26.7,0.3,1,2,0.0153,0.0308,0.503246753,NA,NA,NA,0.089422934,NA
4,5,26.7,2,1,1,0.01282,0.02832,0.547316384,NA,NA,NA,0.077946752,0.107530805
4,5,26.7,2,1,2,0.012,0.0246,0.512195122,NA,NA,NA,0.137114858,NA
4,5,26.7,24,1,1,0.02668,0.06746,0.604506374,NA,NA,NA,-0.051518099,-0.040961581
4,5,26.7,24,1,2,0.02158,0.05294,0.592368719,NA,NA,NA,-0.030405064,NA
4,5,26.7,48,1,1,0.0498,0.12962,0.615800031,NA,NA,NA,-0.044835878,-0.025640301
4,5,26.7,48,1,2,0.041,0.10078,0.593173249,NA,NA,NA,-0.006444724,NA
4,5,26.7,72,1,1,0.07756,0.19586,0.604002859,NA,NA,NA,-0.03696042,-0.037742003
4,5,26.7,72,1,2,0.06658,0.16852,0.604913363,NA,NA,NA,-0.038523586,NA
4,5,2.67,0,1,1,0.0133,0.0265,0.498113208,NA,NA,NA,0.060884124,0.048132027
4,5,2.67,0,1,2,0.01762,0.03608,0.511640798,NA,NA,NA,0.035379931,NA
4,5,2.67,0.3,1,1,0.0137,0.02832,0.516242938,NA,NA,NA,0.065907576,0.07427601
4,5,2.67,0.3,1,2,0.0141,0.0286,0.506993007,NA,NA,NA,0.082644445,NA
4,5,2.67,2,1,1,0.0129,0.0293,0.559726962,NA,NA,NA,0.057038893,0.073217315
4,5,2.67,2,1,2,0.01236,0.0269,0.540520446,NA,NA,NA,0.089395736,NA
4,5,2.67,24,1,1,0.02718,0.06852,0.603327496,NA,NA,NA,-0.04946748,-0.047793736
4,5,2.67,24,1,2,0.025,0.06272,0.601403061,NA,NA,NA,-0.046119992,NA
4,5,2.67,48,1,1,0.07678,0.13354,0.425041186,NA,NA,NA,0.278827121,0.272481908
4,5,2.67,48,1,2,0.0661,0.11648,0.432520604,NA,NA,NA,0.266136696,NA
4,5,2.67,72,1,1,0.08508,0.20502,0.585016096,NA,NA,NA,-0.004363684,-0.002509383
4,5,2.67,72,1,2,0.07864,0.18852,0.58285593,NA,NA,NA,-0.000655082,NA
4,5,0.267,0,1,1,0.0159,0.0316,0.496835443,NA,NA,NA,0.063293152,0.081764874
4,5,0.267,0,1,2,0.0147,0.02812,0.477240398,NA,NA,NA,0.100236597,NA
4,5,0.267,0.3,1,1,0.0152,0.03198,0.524702939,NA,NA,NA,0.050600009,0.08129478
4,5,0.267,0.3,1,2,0.0138,0.0271,0.490774908,NA,NA,NA,0.111989551,NA
4,5,0.267,2,1,1,0.0142,0.03362,0.577632362,NA,NA,NA,0.026874015,0.043935881
4,5,0.267,2,1,2,0.0135,0.0305,0.557377049,NA,NA,NA,0.060997746,NA
4,5,0.267,24,1,1,0.0246,0.0617,0.601296596,NA,NA,NA,-0.0459348,-0.043867247
4,5,0.267,24,1,2,0.0193,0.04812,0.598919368,NA,NA,NA,-0.041799693,NA
4,5,0.267,48,1,1,0.0648,0.11374,0.430279585,NA,NA,NA,0.269939062,0.26698023
4,5,0.267,48,1,2,0.0548,0.09678,0.433767307,NA,NA,NA,0.264021399,NA
4,5,0.267,72,1,1,0.08296,0.2049,0.595119571,NA,NA,NA,-0.021709468,-0.023806306
4,5,0.267,72,1,2,0.07528,0.18706,0.597562279,NA,NA,NA,-0.025903144,NA
4,5,0.0267,0,1,1,0.0136,0.02794,0.513242663,NA,NA,NA,0.032359862,0.078569017
4,5,0.0267,0,1,2,0.01228,0.02292,0.464223386,NA,NA,NA,0.124778173,NA
4,5,0.0267,0.3,1,1,0.0137,0.02822,0.514528703,NA,NA,NA,0.06900932,0.109450527
4,5,0.0267,0.3,1,2,0.0123,0.0232,0.469827586,NA,NA,NA,0.149891734,NA
4,5,0.0267,2,1,1,0.0138,0.03226,0.572225666,NA,NA,NA,0.035982569,0.052818307
4,5,0.0267,2,1,2,0.012,0.0268,0.552238806,NA,NA,NA,0.069654044,NA
4,5,0.0267,24,1,1,0.0204,0.0493,0.586206897,NA,NA,NA,-0.019686785,-0.025830554
4,5,0.0267,24,1,2,0.0191,0.04696,0.593270869,NA,NA,NA,-0.031974322,NA
4,5,0.0267,48,1,1,0.0696,0.12058,0.422789849,NA,NA,NA,0.282646994,0.278892149
4,5,0.0267,48,1,2,0.05312,0.09274,0.427215872,NA,NA,NA,0.275137303,NA
4,5,0.0267,72,1,1,0.07648,0.1904,0.598319328,NA,NA,NA,-0.027202855,-0.02889592
4,5,0.0267,72,1,2,0.0603,0.15086,0.600291661,NA,NA,NA,-0.030588984,NA