Block,Light (u mol photons m/s/),Diuron (ug/L),Time (hours),Replicate,Pseudo-replicate,F,Fm,Y(II),Average Y (controls),Photosynthetic inhibition (%),Average photosynthetic inhibition (%)
1,80,Control,0,1,1,0.011,0.026,0.576923077,0.558302808,-0.03,0
1,80,Control,0,1,2,0.0116,0.0252,0.53968254,NA,0.03,NA
1,80,Control,0.3,1,1,0.0129,0.0285,0.547368421,0.532698191,-0.03,0
1,80,Control,0.3,1,2,0.0131,0.02718,0.518027962,NA,0.03,NA
1,80,Control,2,1,1,0.0094,0.02198,0.57233849,0.55558672,-0.03,0
1,80,Control,2,1,2,0.0095,0.0206,0.538834951,NA,0.03,NA
1,80,Control,24,1,1,0.0534,0.0907,0.411245865,0.407377319,-0.01,0
1,80,Control,24,1,2,0.051,0.0855,0.403508772,NA,0.01,NA
1,80,Control,48,1,1,0.0981,0.1485,0.339393939,0.343132389,0.01,0
1,80,Control,48,1,2,0.0981,0.1502,0.346870839,NA,-0.01,NA
1,80,Control,72,1,1,0.08324,0.13354,0.376666167,0.377834315,0,0
1,80,Control,72,1,2,0.08068,0.12992,0.379002463,NA,0,NA
1,80,MeOH,0,1,1,0.0089,0.021,0.576190476,NA,-0.03,-0.01
1,80,MeOH,0,1,2,0.0085,0.0188,0.54787234,NA,0.02,NA
1,80,MeOH,0.3,1,1,0.0097,0.0214,0.546728972,NA,-0.03,-0.01
1,80,MeOH,0.3,1,2,0.0108,0.02272,0.524647887,NA,0.02,NA
1,80,MeOH,2,1,1,0.0093,0.0208,0.552884615,NA,0,0.02
1,80,MeOH,2,1,2,0.0083,0.018,0.538888889,NA,0.03,NA
1,80,MeOH,24,1,1,0.0487,0.07158,0.319642358,NA,0.22,0.21
1,80,MeOH,24,1,2,0.0496,0.07294,0.319989032,NA,0.21,NA
1,80,MeOH,48,1,1,0.0808,0.1213,0.333882935,NA,0.03,0.03
1,80,MeOH,48,1,2,0.0801,0.1204,0.334717608,NA,0.02,NA
1,80,MeOH,72,1,1,0.06738,0.10804,0.376342096,NA,0,0
1,80,MeOH,72,1,2,0.06658,0.10696,0.377524308,NA,0,NA
1,80,3,0,1,1,0.0139,0.0312,0.554487179,NA,0.01,-0.01
1,80,3,0,1,2,0.011,0.026,0.576923077,NA,-0.03,NA
1,80,3,0.3,1,1,0.026,0.0351,0.259259259,NA,0.51,0.49
1,80,3,0.3,1,2,0.0209,0.029,0.279310345,NA,0.48,NA
1,80,3,2,1,1,0.0244,0.03294,0.259259259,NA,0.53,0.51
1,80,3,2,1,2,0.0182,0.0255,0.28627451,NA,0.48,NA
1,80,3,24,1,1,0.0902,0.11852,0.238947013,NA,0.41,0.41
1,80,3,24,1,2,0.0699,0.09246,0.243997404,NA,0.4,NA
1,80,3,48,1,1,0.11256,0.14138,0.203847786,NA,0.41,0.4
1,80,3,48,1,2,0.09784,0.1237,0.209054163,NA,0.39,NA
1,80,3,72,1,1,0.10912,0.14276,0.235640235,NA,0.38,0.37
1,80,3,72,1,2,0.09078,0.119,0.237142857,NA,0.37,NA
1,80,1,0,1,1,0.0099,0.0231,0.571428571,NA,-0.02,-0.02
1,80,1,0,1,2,0.0111,0.0254,0.562992126,NA,-0.01,NA
1,80,1,0.3,1,1,0.0157,0.02708,0.420236337,NA,0.21,0.19
1,80,1,0.3,1,2,0.01698,0.0306,0.445098039,NA,0.16,NA
1,80,1,2,1,1,0.0137,0.0243,0.436213992,NA,0.21,0.2
1,80,1,2,1,2,0.0145,0.0267,0.456928839,NA,0.18,NA
1,80,1,24,1,1,0.0661,0.08862,0.254118709,NA,0.38,0.38
1,80,1,24,1,2,0.0679,0.0908,0.252202643,NA,0.38,NA
1,80,1,48,1,1,0.1007,0.1356,0.257374631,NA,0.25,0.25
1,80,1,48,1,2,0.10236,0.13756,0.25588834,NA,0.25,NA
1,80,1,72,1,1,0.10068,0.13862,0.273697879,NA,0.28,0.28
1,80,1,72,1,2,0.11068,0.15128,0.26837652,NA,0.29,NA
1,80,0.33,0,1,1,0.0115,0.0264,0.564393939,NA,-0.01,-0.02
1,80,0.33,0,1,2,0.01246,0.029,0.570344828,NA,-0.02,NA
1,80,0.33,0.3,1,1,0.0159,0.03198,0.502814259,NA,0.06,0.04
1,80,0.33,0.3,1,2,0.0151,0.03148,0.520330368,NA,0.02,NA
1,80,0.33,2,1,1,0.0132,0.02792,0.52722063,NA,0.05,0.04
1,80,0.33,2,1,2,0.0133,0.029,0.54137931,NA,0.03,NA
1,80,0.33,24,1,1,0.07638,0.10178,0.24955787,NA,0.39,0.39
1,80,0.33,24,1,2,0.07166,0.09488,0.244730185,NA,0.4,NA
1,80,0.33,48,1,1,0.1101,0.15538,0.291414596,NA,0.15,0.14
1,80,0.33,48,1,2,0.1061,0.1509,0.296885355,NA,0.13,NA
1,80,0.33,72,1,1,0.09656,0.14038,0.312152728,NA,0.17,0.17
1,80,0.33,72,1,2,0.1,0.14538,0.312147476,NA,0.17,NA
1,80,0.11,0,1,1,0.01238,0.02812,0.559743954,NA,0,-0.01
1,80,0.11,0,1,2,0.01254,0.0294,0.573469388,NA,-0.03,NA
1,80,0.11,0.3,1,1,0.0165,0.03302,0.500302847,NA,0.06,0.02
1,80,0.11,0.3,1,2,0.0161,0.0352,0.542613636,NA,-0.02,NA
1,80,0.11,2,1,1,0.0135,0.0293,0.539249147,NA,0.03,0.01
1,80,0.11,2,1,2,0.01254,0.02822,0.555634302,NA,0,NA
1,80,0.11,24,1,1,0.0594,0.08176,0.273483366,NA,0.33,0.33
1,80,0.11,24,1,2,0.06794,0.09334,0.27212342,NA,0.33,NA
1,80,0.11,48,1,1,0.08738,0.1289,0.322110163,NA,0.06,0.08
1,80,0.11,48,1,2,0.0989,0.14304,0.308585011,NA,0.1,NA
1,80,0.11,72,1,1,0.0946,0.14704,0.35663765,NA,0.06,0.06
1,80,0.11,72,1,2,0.0938,0.1448,0.352209945,NA,0.07,NA
1,20,Control,0,1,1,0.0113,0.0258,0.562015504,0.560475433,0,0
1,20,Control,0,1,2,0.0116,0.0263,0.558935361,NA,0,NA
1,20,Control,0.3,1,1,0.0132,0.0291,0.546391753,0.544707084,0,0
1,20,Control,0.3,1,2,0.01264,0.02766,0.543022415,NA,0,NA
1,20,Control,2,1,1,0.0119,0.02804,0.575606277,0.57219373,-0.01,0
1,20,Control,2,1,2,0.0121,0.02806,0.568781183,NA,0.01,NA
1,20,Control,24,1,1,0.06,0.1161,0.483204134,0.484418159,0,0
1,20,Control,24,1,2,0.0537,0.1044,0.485632184,NA,0,NA
1,20,Control,48,1,1,0.10618,0.16296,0.348429062,0.351514141,0.01,0
1,20,Control,48,1,2,0.10258,0.15894,0.35459922,NA,-0.01,NA
1,20,Control,72,1,1,0.10746,0.17688,0.392469471,0.399882519,0.02,0
1,20,Control,72,1,2,0.09814,0.16558,0.407295567,NA,-0.02,NA
1,20,MeOH,0,1,1,0.0089,0.0198,0.550505051,NA,0.02,0.01
1,20,MeOH,0,1,2,0.0107,0.0244,0.56147541,NA,0,NA
1,20,MeOH,0.3,1,1,0.0113,0.0241,0.531120332,NA,0.02,0.01
1,20,MeOH,0.3,1,2,0.0122,0.02716,0.550810015,NA,-0.01,NA
1,20,MeOH,2,1,1,0.0091,0.0208,0.5625,NA,0.02,0.02
1,20,MeOH,2,1,2,0.0091,0.0207,0.560386473,NA,0.02,NA
1,20,MeOH,24,1,1,0.0434,0.09706,0.552853905,NA,-0.14,-0.15
1,20,MeOH,24,1,2,0.0454,0.10254,0.557245953,NA,-0.15,NA
1,20,MeOH,48,1,1,0.09246,0.1449,0.361904762,NA,-0.03,-0.03
1,20,MeOH,48,1,2,0.09738,0.15336,0.365023474,NA,-0.04,NA
1,20,MeOH,72,1,1,0.0999,0.16374,0.389886405,NA,0.02,0
1,20,MeOH,72,1,2,0.09588,0.1615,0.406315789,NA,-0.02,NA
1,20,3,0,1,1,0.0101,0.02292,0.559336824,NA,0,-0.01
1,20,3,0,1,2,0.0091,0.02128,0.572368421,NA,-0.02,NA
1,20,3,0.3,1,1,0.0199,0.02776,0.28314121,NA,0.48,0.5
1,20,3,0.3,1,2,0.0182,0.0246,0.260162602,NA,0.52,NA
1,20,3,2,1,1,0.0168,0.0236,0.288135593,NA,0.5,0.52
1,20,3,2,1,2,0.0166,0.02234,0.256938227,NA,0.55,NA
1,20,3,24,1,1,0.0595,0.08344,0.286912752,NA,0.41,0.41
1,20,3,24,1,2,0.0594,0.08334,0.287257019,NA,0.41,NA
1,20,3,48,1,1,0.1247,0.16266,0.23337022,NA,0.34,0.34
1,20,3,48,1,2,0.126,0.1642,0.232643118,NA,0.34,NA
1,20,3,72,1,1,0.13656,0.1806,0.243853821,NA,0.39,0.39
1,20,3,72,1,2,0.12914,0.1707,0.243468073,NA,0.39,NA
1,20,1,0,1,1,0.011,0.025,0.56,NA,0,-0.01
1,20,1,0,1,2,0.0109,0.0253,0.56916996,NA,-0.02,NA
1,20,1,0.3,1,1,0.01718,0.03128,0.450767263,NA,0.17,0.16
1,20,1,0.3,1,2,0.01728,0.0321,0.461682243,NA,0.15,NA
1,20,1,2,1,1,0.0145,0.02718,0.4665195,NA,0.18,0.17
1,20,1,2,1,2,0.0149,0.0286,0.479020979,NA,0.16,NA
1,20,1,24,1,1,0.0621,0.11568,0.463174274,NA,0.04,0.04
1,20,1,24,1,2,0.0663,0.12382,0.464545308,NA,0.04,NA
1,20,1,48,1,1,0.1234,0.17236,0.284056626,NA,0.19,0.18
1,20,1,48,1,2,0.12812,0.1802,0.289012209,NA,0.18,NA
1,20,1,72,1,1,0.13126,0.18754,0.30009598,NA,0.25,0.25
1,20,1,72,1,2,0.13384,0.19186,0.302408006,NA,0.24,NA
1,20,0.33,0,1,1,0.0118,0.0268,0.559701493,NA,0,0
1,20,0.33,0,1,2,0.0111,0.0253,0.561264822,NA,0,NA
1,20,0.33,0.3,1,1,0.0162,0.0339,0.522123894,NA,0.04,0.05
1,20,0.33,0.3,1,2,0.0153,0.0315,0.514285714,NA,0.06,NA
1,20,0.33,2,1,1,0.0133,0.0286,0.534965035,NA,0.07,0.06
1,20,0.33,2,1,2,0.0121,0.0263,0.539923954,NA,0.06,NA
1,20,0.33,24,1,1,0.0627,0.1155,0.457142857,NA,0.06,0.04
1,20,0.33,24,1,2,0.05248,0.09872,0.468395462,NA,0.03,NA
1,20,0.33,48,1,1,0.1145,0.1704,0.328051643,NA,0.07,0.05
1,20,0.33,48,1,2,0.09362,0.14228,0.342001687,NA,0.03,NA
1,20,0.33,72,1,1,0.12226,0.18302,0.331985575,NA,0.17,0.17
1,20,0.33,72,1,2,0.11646,0.1747,0.333371494,NA,0.17,NA
1,20,0.11,0,1,1,0.0127,0.0294,0.568027211,NA,-0.01,0
1,20,0.11,0,1,2,0.0095,0.0214,0.556074766,NA,0.01,NA
1,20,0.11,0.3,1,1,0.0168,0.0361,0.534626039,NA,0.02,0.01
1,20,0.11,0.3,1,2,0.01264,0.02766,0.543022415,NA,0,NA
1,20,0.11,2,1,1,0.0132,0.0299,0.558528428,NA,0.02,0.03
1,20,0.11,2,1,2,0.0099,0.02224,0.554856115,NA,0.03,NA
1,20,0.11,24,1,1,0.0611,0.13814,0.557695092,NA,-0.15,-0.16
1,20,0.11,24,1,2,0.0385,0.08842,0.56457815,NA,-0.17,NA
1,20,0.11,48,1,1,0.1109,0.17312,0.359403882,NA,-0.02,-0.03
1,20,0.11,48,1,2,0.09284,0.14636,0.365673681,NA,-0.04,NA
1,20,0.11,72,1,1,0.13716,0.21146,0.351366689,NA,0.12,0.1
1,20,0.11,72,1,2,0.11128,0.17678,0.370517027,NA,0.07,NA
1,5,Control,0,1,1,0.0106,0.0251,0.577689243,0.571913405,-0.01,0
1,5,Control,0,1,2,0.0082,0.0189,0.566137566,NA,0.01,NA
1,5,Control,0.3,1,1,0.0129,0.0296,0.564189189,0.558606426,-0.01,0
1,5,Control,0.3,1,2,0.0102,0.02282,0.553023663,NA,0.01,NA
1,5,Control,2,1,1,0.0106,0.027,0.607407407,0.605013747,0,0
1,5,Control,2,1,2,0.0091,0.0229,0.602620087,NA,0,NA
1,5,Control,24,1,1,0.0257,0.06178,0.58400777,0.575718897,-0.01,0
1,5,Control,24,1,2,0.0204,0.04716,0.567430025,NA,0.01,NA
1,5,Control,48,1,1,0.0543,0.13392,0.59453405,0.594700572,0,0
1,5,Control,48,1,2,0.0442,0.1091,0.594867094,NA,0,NA
1,5,Control,72,1,1,0.08558,0.20284,0.578091106,0.577783761,0,0
1,5,Control,72,1,2,0.07166,0.1696,0.577476415,NA,0,NA
1,5,MeOH,0,1,1,0.01,0.0245,0.591836735,NA,-0.03,-0.01
1,5,MeOH,0,1,2,0.0103,0.0238,0.567226891,NA,0.01,NA
1,5,MeOH,0.3,1,1,0.012,0.02746,0.563000728,NA,-0.01,-0.01
1,5,MeOH,0.3,1,2,0.011,0.025,0.56,NA,0,NA
1,5,MeOH,2,1,1,0.0101,0.0258,0.608527132,NA,-0.01,0
1,5,MeOH,2,1,2,0.0097,0.0242,0.599173554,NA,0.01,NA
1,5,MeOH,24,1,1,0.0293,0.0693,0.577200577,NA,0,-0.01
1,5,MeOH,24,1,2,0.0285,0.06812,0.581620669,NA,-0.01,NA
1,5,MeOH,48,1,1,0.06266,0.1513,0.585855915,NA,0.01,0.01
1,5,MeOH,48,1,2,0.0555,0.13696,0.594772196,NA,0,NA
1,5,MeOH,72,1,1,0.08688,0.19412,0.552441789,NA,0.04,0.04
1,5,MeOH,72,1,2,0.07894,0.17794,0.556367315,NA,0.04,NA
1,5,3,0,1,1,0.0092,0.0205,0.551219512,NA,0.04,0.07
1,5,3,0,1,2,0.0086,0.01746,0.50744559,NA,0.11,NA
1,5,3,0.3,1,1,0.0201,0.02698,0.255003706,NA,0.54,0.55
1,5,3,0.3,1,2,0.0171,0.02282,0.250657318,NA,0.55,NA
1,5,3,2,1,1,0.0171,0.0234,0.269230769,NA,0.56,0.56
1,5,3,2,1,2,0.0159,0.0215,0.260465116,NA,0.57,NA
1,5,3,24,1,1,0.0294,0.04282,0.313404951,NA,0.46,0.44
1,5,3,24,1,2,0.0296,0.0439,0.325740319,NA,0.43,NA
1,5,3,48,1,1,0.0587,0.0893,0.342665174,NA,0.42,0.42
1,5,3,48,1,2,0.0519,0.0794,0.346347607,NA,0.42,NA
1,5,3,72,1,1,0.0994,0.15344,0.352189781,NA,0.39,0.38
1,5,3,72,1,2,0.0802,0.12636,0.365305476,NA,0.37,NA
1,5,1,0,1,1,0.0088,0.0205,0.570731707,NA,0,0.06
1,5,1,0,1,2,0.0085,0.01728,0.508101852,NA,0.11,NA
1,5,1,0.3,1,1,0.0163,0.02802,0.418272662,NA,0.25,0.25
1,5,1,0.3,1,2,0.0143,0.0245,0.416326531,NA,0.25,NA
1,5,1,2,1,1,0.0141,0.0263,0.463878327,NA,0.23,0.25
1,5,1,2,1,2,0.0132,0.0235,0.438297872,NA,0.28,NA
1,5,1,24,1,1,0.0235,0.04706,0.500637484,NA,0.13,0.13
1,5,1,24,1,2,0.0246,0.0493,0.501014199,NA,0.13,NA
1,5,1,48,1,1,0.0662,0.13902,0.523809524,NA,0.12,0.12
1,5,1,48,1,2,0.0508,0.10678,0.524255479,NA,0.12,NA
1,5,1,72,1,1,0.0956,0.20668,0.537449197,NA,0.07,0.07
1,5,1,72,1,2,0.0839,0.18294,0.541379687,NA,0.06,NA
1,5,0.33,0,1,1,0.0107,0.0238,0.550420168,NA,0.04,0.09
1,5,0.33,0,1,2,0.0096,0.019,0.494736842,NA,0.13,NA
1,5,0.33,0.3,1,1,0.0148,0.0285,0.480701754,NA,0.14,0.16
1,5,0.33,0.3,1,2,0.0135,0.0247,0.453441296,NA,0.19,NA
1,5,0.33,2,1,1,0.012,0.0255,0.529411765,NA,0.12,0.15
1,5,0.33,2,1,2,0.0114,0.02254,0.494232476,NA,0.18,NA
1,5,0.33,24,1,1,0.0227,0.0519,0.562620424,NA,0.02,0.02
1,5,0.33,24,1,2,0.0211,0.0488,0.567622951,NA,0.01,NA
1,5,0.33,48,1,1,0.0634,0.15176,0.582235108,NA,0.02,0.02
1,5,0.33,48,1,2,0.04698,0.11176,0.579634932,NA,0.03,NA
1,5,0.33,72,1,1,0.09238,0.18696,0.505883611,NA,0.12,0.12
1,5,0.33,72,1,2,0.08168,0.16714,0.511307886,NA,0.12,NA
1,5,0.11,0,1,1,0.0106,0.0233,0.545064378,NA,0.05,0.09
1,5,0.11,0,1,2,0.0085,0.0168,0.494047619,NA,0.14,NA
1,5,0.11,0.3,1,1,0.0138,0.02834,0.513055752,NA,0.08,0.13
1,5,0.11,0.3,1,2,0.0116,0.0214,0.457943925,NA,0.18,NA
1,5,0.11,2,1,1,0.0131,0.0294,0.554421769,NA,0.08,0.11
1,5,0.11,2,1,2,0.0103,0.0216,0.523148148,NA,0.14,NA
1,5,0.11,24,1,1,0.0241,0.05862,0.588877516,NA,-0.02,-0.01
1,5,0.11,24,1,2,0.0203,0.04822,0.579012858,NA,-0.01,NA
1,5,0.11,48,1,1,0.0546,0.1391,0.607476636,NA,-0.02,-0.02
1,5,0.11,48,1,2,0.04254,0.10842,0.607636967,NA,-0.02,NA
1,5,0.11,72,1,1,0.09638,0.23636,0.592232188,NA,-0.03,-0.03
1,5,0.11,72,1,2,0.08188,0.20284,0.596332084,NA,-0.03,NA
2,80,Control,0,1,1,0.01,0.0213,0.530516432,0.516514497,-0.03,0
2,80,Control,0,1,2,0.0099,0.0199,0.502512563,NA,0.03,NA
2,80,Control,0.3,1,1,0.0118,0.0259,0.544401544,0.531536872,-0.02,0
2,80,Control,0.3,1,2,0.0116,0.0241,0.518672199,NA,0.02,NA
2,80,Control,2,1,1,0.0193,0.0443,0.564334086,0.558624926,-0.01,0
2,80,Control,2,1,2,0.0207,0.0463,0.552915767,NA,0.01,NA
2,80,Control,24,1,1,0.035,0.06666,0.474947495,0.471142089,-0.01,0
2,80,Control,24,1,2,0.0318,0.0597,0.467336683,NA,0.01,NA
2,80,Control,48,1,1,0.0447,0.07048,0.365777526,0.359331224,-0.02,0
2,80,Control,48,1,2,0.0406,0.06274,0.352884922,NA,0.02,NA
2,80,Control,72,1,1,0.0515,0.0843,0.389086595,0.388186392,0,0
2,80,Control,72,1,2,0.048,0.07834,0.387286188,NA,0,NA
2,80,MeOH,0,1,1,0.0111,0.02262,0.50928382,NA,0.01,0.02
2,80,MeOH,0,1,2,0.0104,0.0211,0.507109005,NA,0.02,NA
2,80,MeOH,0.3,1,1,0.0114,0.0245,0.534693878,NA,-0.01,0.04
2,80,MeOH,0.3,1,2,0.0116,0.0227,0.488986784,NA,0.08,NA
2,80,MeOH,2,1,1,0.015,0.0346,0.566473988,NA,-0.01,0.02
2,80,MeOH,2,1,2,0.0148,0.0316,0.53164557,NA,0.05,NA
2,80,MeOH,24,1,1,0.03208,0.0595,0.460840336,NA,0.02,0.03
2,80,MeOH,24,1,2,0.0305,0.0562,0.457295374,NA,0.03,NA
2,80,MeOH,48,1,1,0.04764,0.0747,0.362248996,NA,-0.01,0.01
2,80,MeOH,48,1,2,0.04716,0.07264,0.350770925,NA,0.02,NA
2,80,MeOH,72,1,1,0.0544,0.08852,0.385449616,NA,0.01,0.02
2,80,MeOH,72,1,2,0.0509,0.08198,0.379116858,NA,0.02,NA
2,80,3,0,1,1,0.0092,0.0203,0.54679803,NA,-0.06,-0.02
2,80,3,0,1,2,0.0088,0.018,0.511111111,NA,0.01,NA
2,80,3,0.3,1,1,0.0164,0.0242,0.32231405,NA,0.39,0.36
2,80,3,0.3,1,2,0.01254,0.0194,0.353608247,NA,0.33,NA
2,80,3,2,1,1,0.0296,0.0406,0.270935961,NA,0.51,0.5
2,80,3,2,1,2,0.0258,0.036,0.283333333,NA,0.49,NA
2,80,3,24,1,1,0.04782,0.06678,0.283917341,NA,0.4,0.4
2,80,3,24,1,2,0.03708,0.05188,0.285273709,NA,0.39,NA
2,80,3,48,1,1,0.05342,0.07284,0.266611752,NA,0.26,0.26
2,80,3,48,1,2,0.0443,0.0605,0.267768595,NA,0.25,NA
2,80,3,72,1,1,0.0639,0.08942,0.285394766,NA,0.26,0.26
2,80,3,72,1,2,0.05286,0.07432,0.288751346,NA,0.26,NA
2,80,1,0,1,1,0.0086,0.01744,0.506880734,NA,0.02,0.01
2,80,1,0,1,2,0.0095,0.0196,0.515306122,NA,0,NA
2,80,1,0.3,1,1,0.01238,0.02262,0.452696729,NA,0.15,0.14
2,80,1,0.3,1,2,0.0146,0.02718,0.462840324,NA,0.13,NA
2,80,1,2,1,1,0.0245,0.04188,0.414995224,NA,0.26,0.22
2,80,1,2,1,2,0.0229,0.04198,0.454502144,NA,0.19,NA
2,80,1,24,1,1,0.0368,0.05854,0.371370003,NA,0.21,0.19
2,80,1,24,1,2,0.0448,0.07334,0.389146441,NA,0.17,NA
2,80,1,48,1,1,0.04314,0.06216,0.305984556,NA,0.15,0.13
2,80,1,48,1,2,0.0511,0.0748,0.31684492,NA,0.12,NA
2,80,1,72,1,1,0.0537,0.0795,0.324528302,NA,0.16,0.16
2,80,1,72,1,2,0.06638,0.09864,0.327047851,NA,0.16,NA
2,80,0.33,0,1,1,0.0094,0.02,0.53,NA,-0.03,0
2,80,0.33,0,1,2,0.0087,0.01754,0.503990878,NA,0.02,NA
2,80,0.33,0.3,1,1,0.01256,0.0258,0.513178295,NA,0.03,0.04
2,80,0.33,0.3,1,2,0.01246,0.0254,0.509448819,NA,0.04,NA
2,80,0.33,2,1,1,0.021,0.04148,0.493731919,NA,0.12,0.1
2,80,0.33,2,1,2,0.0213,0.0437,0.512585812,NA,0.08,NA
2,80,0.33,24,1,1,0.0347,0.05852,0.407040328,NA,0.14,0.14
2,80,0.33,24,1,2,0.0313,0.05256,0.404490107,NA,0.14,NA
2,80,0.33,48,1,1,0.0456,0.06872,0.336437718,NA,0.06,0.08
2,80,0.33,48,1,2,0.0411,0.06078,0.323790721,NA,0.1,NA
2,80,0.33,72,1,1,0.055,0.0855,0.356725146,NA,0.08,0.08
2,80,0.33,72,1,2,0.05238,0.08108,0.353971386,NA,0.09,NA
2,80,0.11,0,1,1,0.0105,0.02158,0.513438369,NA,0.01,0
2,80,0.11,0,1,2,0.0104,0.02178,0.522497704,NA,-0.01,NA
2,80,0.11,0.3,1,1,0.0142,0.0295,0.518644068,NA,0.02,0
2,80,0.11,0.3,1,2,0.0133,0.0295,0.549152542,NA,-0.03,NA
2,80,0.11,2,1,1,0.0207,0.04282,0.516581037,NA,0.08,0.05
2,80,0.11,2,1,2,0.02218,0.04822,0.540024886,NA,0.03,NA
2,80,0.11,24,1,1,0.0415,0.07216,0.424889135,NA,0.1,0.1
2,80,0.11,24,1,2,0.03842,0.06696,0.426224612,NA,0.1,NA
2,80,0.11,48,1,1,0.04068,0.06146,0.338106085,NA,0.06,0.06
2,80,0.11,48,1,2,0.04628,0.07008,0.339611872,NA,0.05,NA
2,80,0.11,72,1,1,0.0602,0.09402,0.3597107,NA,0.07,0.06
2,80,0.11,72,1,2,0.0586,0.09266,0.367580401,NA,0.05,NA
2,20,Control,0,1,1,0.0088,0.0182,0.516483516,0.494241758,-0.05,0
2,20,Control,0,1,2,0.00792,0.015,0.472,NA,0.05,NA
2,20,Control,0.3,1,1,0.01228,0.02784,0.558908046,0.546687685,-0.02,0
2,20,Control,0.3,1,2,0.0104,0.02234,0.534467323,NA,0.02,NA
2,20,Control,2,1,1,0.0203,0.0511,0.602739726,0.598150547,-0.01,0
2,20,Control,2,1,2,0.0202,0.0497,0.593561368,NA,0.01,NA
2,20,Control,24,1,1,0.0446,0.09952,0.551848875,0.550336503,0,0
2,20,Control,24,1,2,0.0353,0.07824,0.548824131,NA,0,NA
2,20,Control,48,1,1,0.04608,0.07626,0.395751377,0.401052946,0.01,0
2,20,Control,48,1,2,0.0355,0.0598,0.406354515,NA,-0.01,NA
2,20,Control,72,1,1,0.06128,0.10226,0.400743204,0.396744782,-0.01,0
2,20,Control,72,1,2,0.0509,0.08382,0.392746361,NA,0.01,NA
2,20,MeOH,0,1,1,0.0087,0.01746,0.501718213,NA,-0.02,-0.02
2,20,MeOH,0,1,2,0.0088,0.0177,0.502824859,NA,-0.02,NA
2,20,MeOH,0.3,1,1,0.0108,0.02226,0.514824798,NA,0.06,0.05
2,20,MeOH,0.3,1,2,0.0101,0.021,0.519047619,NA,0.05,NA
2,20,MeOH,2,1,1,0.01752,0.04272,0.58988764,NA,0.01,0.01
2,20,MeOH,2,1,2,0.0183,0.0454,0.5969163,NA,0,NA
2,20,MeOH,24,1,1,0.0399,0.08922,0.552790854,NA,0,0
2,20,MeOH,24,1,2,0.0362,0.08068,0.551313832,NA,0,NA
2,20,MeOH,48,1,1,0.044,0.07256,0.393605292,NA,0.02,0.03
2,20,MeOH,48,1,2,0.0433,0.07048,0.385641317,NA,0.04,NA
2,20,MeOH,72,1,1,0.0558,0.09636,0.420921544,NA,-0.06,-0.05
2,20,MeOH,72,1,2,0.05668,0.09666,0.413614732,NA,-0.04,NA
2,20,3,0,1,1,0.0093,0.0196,0.525510204,NA,-0.06,-0.08
2,20,3,0,1,2,0.0092,0.0203,0.54679803,NA,-0.11,NA
2,20,3,0.3,1,1,0.0185,0.02736,0.323830409,NA,0.41,0.41
2,20,3,0.3,1,2,0.0167,0.0248,0.326612903,NA,0.4,NA
2,20,3,2,1,1,0.0313,0.044,0.288636364,NA,0.52,0.52
2,20,3,2,1,2,0.03198,0.045,0.289333333,NA,0.52,NA
2,20,3,24,1,1,0.05802,0.08814,0.341729067,NA,0.38,0.38
2,20,3,24,1,2,0.052,0.0793,0.344262295,NA,0.37,NA
2,20,3,48,1,1,0.06294,0.08756,0.28117862,NA,0.3,0.29
2,20,3,48,1,2,0.06264,0.08766,0.285420945,NA,0.29,NA
2,20,3,72,1,1,0.07748,0.10942,0.29190276,NA,0.26,0.25
2,20,3,72,1,2,0.0767,0.10952,0.299671293,NA,0.24,NA
2,20,1,0,1,1,0.0092,0.01782,0.48372615,NA,0.02,-0.03
2,20,1,0,1,2,0.0097,0.0207,0.531400966,NA,-0.08,NA
2,20,1,0.3,1,1,0.0145,0.0267,0.456928839,NA,0.16,0.15
2,20,1,0.3,1,2,0.015,0.02824,0.468838527,NA,0.14,NA
2,20,1,2,1,1,0.0233,0.0454,0.486784141,NA,0.19,0.19
2,20,1,2,1,2,0.0246,0.04782,0.485570891,NA,0.19,NA
2,20,1,24,1,1,0.0455,0.08578,0.469573327,NA,0.15,0.14
2,20,1,24,1,2,0.0507,0.09618,0.472863381,NA,0.14,NA
2,20,1,48,1,1,0.0503,0.0748,0.327540107,NA,0.18,0.18
2,20,1,48,1,2,0.0537,0.08038,0.331923364,NA,0.17,NA
2,20,1,72,1,1,0.06638,0.10216,0.350234926,NA,0.12,0.11
2,20,1,72,1,2,0.0757,0.11824,0.359776725,NA,0.09,NA
2,20,0.33,0,1,1,0.0109,0.0213,0.488262911,NA,0.01,0.01
2,20,0.33,0,1,2,0.0093,0.0184,0.494565217,NA,0,NA
2,20,0.33,0.3,1,1,0.0145,0.0294,0.506802721,NA,0.07,0.06
2,20,0.33,0.3,1,2,0.01302,0.02688,0.515625,NA,0.06,NA
2,20,0.33,2,1,1,0.02218,0.0487,0.544558522,NA,0.09,0.08
2,20,0.33,2,1,2,0.0214,0.0482,0.556016598,NA,0.07,NA
2,20,0.33,24,1,1,0.0517,0.10166,0.491442062,NA,0.11,0.11
2,20,0.33,24,1,2,0.044,0.08568,0.486461251,NA,0.12,NA
2,20,0.33,48,1,1,0.05156,0.08316,0.37999038,NA,0.05,0.06
2,20,0.33,48,1,2,0.04304,0.06844,0.371127995,NA,0.07,NA
2,20,0.33,72,1,1,0.07756,0.12844,0.396138275,NA,0,-0.01
2,20,0.33,72,1,2,0.06698,0.11196,0.401750625,NA,-0.01,NA
2,20,0.11,0,1,1,0.0131,0.02758,0.525018129,NA,-0.06,0
2,20,0.11,0,1,2,0.0081,0.0151,0.463576159,NA,0.06,NA
2,20,0.11,0.3,1,1,0.016,0.0346,0.537572254,NA,0.02,0.05
2,20,0.11,0.3,1,2,0.01,0.02,0.5,NA,0.09,NA
2,20,0.11,2,1,1,0.02168,0.0496,0.562903226,NA,0.06,0.05
2,20,0.11,2,1,2,0.0185,0.04362,0.575882623,NA,0.04,NA
2,20,0.11,24,1,1,0.0607,0.11754,0.483580058,NA,0.12,0.13
2,20,0.11,24,1,2,0.0317,0.0601,0.472545757,NA,0.14,NA
2,20,0.11,48,1,1,0.07028,0.11548,0.391409768,NA,0.02,0.04
2,20,0.11,48,1,2,0.03352,0.05424,0.3820059,NA,0.05,NA
2,20,0.11,72,1,1,0.08598,0.14186,0.393909488,NA,0.01,0.01
2,20,0.11,72,1,2,0.04822,0.07932,0.392082703,NA,0.01,NA
2,5,Control,0,1,1,0.0098,0.0209,0.531100478,0.527184745,-0.01,0
2,5,Control,0,1,2,0.0084,0.01762,0.523269012,NA,0.01,NA
2,5,Control,0.3,1,1,0.0116,0.0259,0.552123552,0.54226548,-0.02,0
2,5,Control,0.3,1,2,0.0101,0.0216,0.532407407,NA,0.02,NA
2,5,Control,2,1,1,0.0192,0.0458,0.580786026,0.577360432,-0.01,0
2,5,Control,2,1,2,0.017,0.0399,0.573934837,NA,0.01,NA
2,5,Control,24,1,1,0.02302,0.0539,0.572912801,0.560398494,-0.02,0
2,5,Control,24,1,2,0.0203,0.0449,0.547884187,NA,0.02,NA
2,5,Control,48,1,1,0.0314,0.0695,0.548201439,0.53727651,-0.02,0
2,5,Control,48,1,2,0.02786,0.05882,0.526351581,NA,0.02,NA
2,5,Control,72,1,1,0.0598,0.139,0.569784173,0.564172969,-0.01,0
2,5,Control,72,1,2,0.0496,0.11236,0.558561766,NA,0.01,NA
2,5,MeOH,0,1,1,0.0098,0.02218,0.558160505,NA,-0.06,-0.03
2,5,MeOH,0,1,2,0.0108,0.0231,0.532467532,NA,-0.01,NA
2,5,MeOH,0.3,1,1,0.0116,0.0259,0.552123552,NA,-0.02,-0.01
2,5,MeOH,0.3,1,2,0.01216,0.0269,0.54795539,NA,-0.01,NA
2,5,MeOH,2,1,1,0.0208,0.0494,0.578947368,NA,0,0
2,5,MeOH,2,1,2,0.0181,0.04274,0.576509125,NA,0,NA
2,5,MeOH,24,1,1,0.0284,0.06716,0.577129244,NA,-0.03,-0.03
2,5,MeOH,24,1,2,0.029,0.06812,0.574280681,NA,-0.02,NA
2,5,MeOH,48,1,1,0.0397,0.0894,0.555928412,NA,-0.03,-0.04
2,5,MeOH,48,1,2,0.0439,0.1,0.561,NA,-0.04,NA
2,5,MeOH,72,1,1,0.06302,0.14196,0.556072133,NA,0.01,0.01
2,5,MeOH,72,1,2,0.06638,0.1503,0.558349967,NA,0.01,NA
2,5,3,0,1,1,0.0113,0.02254,0.498669033,NA,0.05,0.07
2,5,3,0,1,2,0.0131,0.0255,0.48627451,NA,0.08,NA
2,5,3,0.3,1,1,0.0195,0.02748,0.290393013,NA,0.46,0.42
2,5,3,0.3,1,2,0.0197,0.0298,0.338926174,NA,0.37,NA
2,5,3,2,1,1,0.0273,0.041,0.334146341,NA,0.42,0.43
2,5,3,2,1,2,0.02186,0.03238,0.324891909,NA,0.44,NA
2,5,3,24,1,1,0.03264,0.05208,0.373271889,NA,0.33,0.32
2,5,3,24,1,2,0.0354,0.05842,0.394043136,NA,0.3,NA
2,5,3,48,1,1,0.042,0.07098,0.408284024,NA,0.24,0.22
2,5,3,48,1,2,0.0479,0.084,0.429761905,NA,0.2,NA
2,5,3,72,1,1,0.045,0.0796,0.434673367,NA,0.23,0.22
2,5,3,72,1,2,0.0548,0.0985,0.443654822,NA,0.21,NA
2,5,1,0,1,1,0.0106,0.021,0.495238095,NA,0.06,0.08
2,5,1,0,1,2,0.013,0.0249,0.477911647,NA,0.09,NA
2,5,1,0.3,1,1,0.0143,0.0247,0.421052632,NA,0.22,0.22
2,5,1,0.3,1,2,0.0166,0.0289,0.425605536,NA,0.22,NA
2,5,1,2,1,1,0.0232,0.0452,0.486725664,NA,0.16,0.15
2,5,1,2,1,2,0.01708,0.0339,0.496165192,NA,0.14,NA
2,5,1,24,1,1,0.0291,0.061,0.52295082,NA,0.07,0.06
2,5,1,24,1,2,0.0354,0.075,0.528,NA,0.06,NA
2,5,1,48,1,1,0.0399,0.08324,0.520663143,NA,0.03,0.03
2,5,1,48,1,2,0.0482,0.10158,0.525497145,NA,0.02,NA
2,5,1,72,1,1,0.06282,0.13336,0.528944211,NA,0.06,0.06
2,5,1,72,1,2,0.0757,0.16038,0.527996009,NA,0.06,NA
2,5,0.33,0,1,1,0.0104,0.0206,0.495145631,NA,0.06,0.09
2,5,0.33,0,1,2,0.01218,0.02254,0.459627329,NA,0.13,NA
2,5,0.33,0.3,1,1,0.013,0.0251,0.482071713,NA,0.11,0.14
2,5,0.33,0.3,1,2,0.0134,0.0242,0.446280992,NA,0.18,NA
2,5,0.33,2,1,1,0.0183,0.0404,0.547029703,NA,0.05,0.06
2,5,0.33,2,1,2,0.0143,0.0313,0.54313099,NA,0.06,NA
2,5,0.33,24,1,1,0.0288,0.06794,0.576096556,NA,-0.03,-0.03
2,5,0.33,24,1,2,0.0296,0.06998,0.577022006,NA,-0.03,NA
2,5,0.33,48,1,1,0.04244,0.09882,0.570532281,NA,-0.06,-0.07
2,5,0.33,48,1,2,0.046,0.10902,0.578059072,NA,-0.08,NA
2,5,0.33,72,1,1,0.0704,0.16578,0.575340813,NA,-0.02,-0.02
2,5,0.33,72,1,2,0.07274,0.17176,0.576502096,NA,-0.02,NA
2,5,0.11,0,1,1,0.0101,0.0207,0.512077295,NA,0.03,0.09
2,5,0.11,0,1,2,0.0111,0.0202,0.45049505,NA,0.15,NA
2,5,0.11,0.3,1,1,0.0131,0.02736,0.52119883,NA,0.04,0.08
2,5,0.11,0.3,1,2,0.0121,0.0231,0.476190476,NA,0.12,NA
2,5,0.11,2,1,1,0.0206,0.049,0.579591837,NA,0,0
2,5,0.11,2,1,2,0.015,0.035,0.571428571,NA,0.01,NA
2,5,0.11,24,1,1,0.03148,0.07746,0.593596695,NA,-0.06,-0.06
2,5,0.11,24,1,2,0.02832,0.0697,0.593687231,NA,-0.06,NA
2,5,0.11,48,1,1,0.03734,0.08978,0.584094453,NA,-0.09,-0.08
2,5,0.11,48,1,2,0.03726,0.08902,0.581442373,NA,-0.08,NA
2,5,0.11,72,1,1,0.06852,0.16884,0.594171997,NA,-0.05,-0.05
2,5,0.11,72,1,2,0.0596,0.14686,0.59417132,NA,-0.05,NA
3,80,Control,0,1,1,0.0151,0.0349,0.567335244,0.556111512,-0.02,0
3,80,Control,0,1,2,0.0146,0.03208,0.544887781,NA,0.02,NA
3,80,Control,0.3,1,1,0.01282,0.0298,0.569798658,0.547611193,-0.04,0
3,80,Control,0.3,1,2,0.014,0.0295,0.525423729,NA,0.04,NA
3,80,Control,2,1,1,0.0181,0.0415,0.563855422,0.557053339,-0.01,0
3,80,Control,2,1,2,0.0179,0.0398,0.550251256,NA,0.01,NA
3,80,Control,24,1,1,0.0449,0.06688,0.328648325,0.321514798,-0.02,0
3,80,Control,24,1,2,0.041,0.0598,0.314381271,NA,0.02,NA
3,80,Control,48,1,1,0.06282,0.10256,0.387480499,0.386430928,0,0
3,80,Control,48,1,2,0.05802,0.0944,0.385381356,NA,0,NA
3,80,Control,72,1,1,0.0749,0.12276,0.389866406,0.389961394,0,0
3,80,Control,72,1,2,0.0714,0.11706,0.390056381,NA,0,NA
3,80,MeOH,0,1,1,0.0129,0.0297,0.565656566,NA,-0.02,0.01
3,80,MeOH,0,1,2,0.01208,0.0257,0.529961089,NA,0.05,NA
3,80,MeOH,0.3,1,1,0.0141,0.0312,0.548076923,NA,0,0.02
3,80,MeOH,0.3,1,2,0.0145,0.0303,0.521452145,NA,0.05,NA
3,80,MeOH,2,1,1,0.0158,0.0352,0.551136364,NA,0.01,0.02
3,80,MeOH,2,1,2,0.0159,0.0343,0.536443149,NA,0.04,NA
3,80,MeOH,24,1,1,0.04228,0.0612,0.309150327,NA,0.04,0.06
3,80,MeOH,24,1,2,0.0407,0.05792,0.29730663,NA,0.08,NA
3,80,MeOH,48,1,1,0.0542,0.08764,0.381560931,NA,0.01,0.02
3,80,MeOH,48,1,2,0.0507,0.08168,0.379285015,NA,0.02,NA
3,80,MeOH,72,1,1,0.06708,0.1091,0.385151237,NA,0.01,0.01
3,80,MeOH,72,1,2,0.0649,0.10548,0.384717482,NA,0.01,NA
3,80,3,0,1,1,0.0128,0.0288,0.555555556,NA,0,0
3,80,3,0,1,2,0.0091,0.0207,0.560386473,NA,-0.01,NA
3,80,3,0.3,1,1,0.0217,0.0285,0.238596491,NA,0.56,0.51
3,80,3,0.3,1,2,0.0168,0.0241,0.302904564,NA,0.45,NA
3,80,3,2,1,1,0.02782,0.0361,0.229362881,NA,0.59,0.58
3,80,3,2,1,2,0.0216,0.0285,0.242105263,NA,0.57,NA
3,80,3,24,1,1,0.0547,0.0705,0.224113475,NA,0.3,0.29
3,80,3,24,1,2,0.0441,0.05748,0.232776618,NA,0.28,NA
3,80,3,48,1,1,0.0791,0.1052,0.248098859,NA,0.36,0.35
3,80,3,48,1,2,0.0588,0.07882,0.253996448,NA,0.34,NA
3,80,3,72,1,1,0.09586,0.12628,0.240893253,NA,0.38,0.37
3,80,3,72,1,2,0.076,0.10098,0.247375718,NA,0.37,NA
3,80,1,0,1,1,0.01226,0.0284,0.568309859,NA,-0.02,-0.03
3,80,1,0,1,2,0.0146,0.0341,0.571847507,NA,-0.03,NA
3,80,1,0.3,1,1,0.0182,0.0316,0.424050633,NA,0.23,0.21
3,80,1,0.3,1,2,0.0212,0.03812,0.44386149,NA,0.19,NA
3,80,1,2,1,1,0.0255,0.0411,0.379562044,NA,0.32,0.28
3,80,1,2,1,2,0.0257,0.0441,0.41723356,NA,0.25,NA
3,80,1,24,1,1,0.0432,0.0598,0.277591973,NA,0.14,0.13
3,80,1,24,1,2,0.0543,0.0758,0.283641161,NA,0.12,NA
3,80,1,48,1,1,0.0666,0.095,0.298947368,NA,0.23,0.23
3,80,1,48,1,2,0.079,0.11206,0.295020525,NA,0.24,NA
3,80,1,72,1,1,0.08342,0.1193,0.300754401,NA,0.23,0.23
3,80,1,72,1,2,0.099,0.14066,0.296175174,NA,0.24,NA
3,80,0.33,0,1,1,0.0142,0.03234,0.560915275,NA,-0.01,-0.01
3,80,0.33,0,1,2,0.0142,0.03284,0.567600487,NA,-0.02,NA
3,80,0.33,0.3,1,1,0.0152,0.0309,0.508090615,NA,0.07,0.07
3,80,0.33,0.3,1,2,0.0153,0.03148,0.513977128,NA,0.06,NA
3,80,0.33,2,1,1,0.02188,0.0432,0.493518519,NA,0.11,0.1
3,80,0.33,2,1,2,0.0204,0.0413,0.506053269,NA,0.09,NA
3,80,0.33,24,1,1,0.0452,0.066,0.315151515,NA,0.02,0.02
3,80,0.33,24,1,2,0.04,0.05822,0.312950876,NA,0.03,NA
3,80,0.33,48,1,1,0.07188,0.11616,0.381198347,NA,0.01,0.01
3,80,0.33,48,1,2,0.06802,0.1098,0.380510018,NA,0.02,NA
3,80,0.33,72,1,1,0.0852,0.1295,0.342084942,NA,0.12,0.13
3,80,0.33,72,1,2,0.08756,0.13254,0.339369247,NA,0.13,NA
3,80,0.11,0,1,1,0.0157,0.03332,0.528811525,NA,0.05,0.01
3,80,0.11,0,1,2,0.0145,0.0336,0.568452381,NA,-0.02,NA
3,80,0.11,0.3,1,1,0.01752,0.03678,0.52365416,NA,0.04,0.03
3,80,0.11,0.3,1,2,0.0159,0.0346,0.540462428,NA,0.01,NA
3,80,0.11,2,1,1,0.0204,0.04188,0.512893983,NA,0.08,0.05
3,80,0.11,2,1,2,0.0197,0.04322,0.544192503,NA,0.02,NA
3,80,0.11,24,1,1,0.0457,0.06736,0.321555819,NA,0,0
3,80,0.11,24,1,2,0.0435,0.064,0.3203125,NA,0,NA
3,80,0.11,48,1,1,0.0682,0.10598,0.356482355,NA,0.08,0.09
3,80,0.11,48,1,2,0.0692,0.10618,0.348276512,NA,0.1,NA
3,80,0.11,72,1,1,0.0889,0.13952,0.362815367,NA,0.07,0.07
3,80,0.11,72,1,2,0.08814,0.13776,0.360191638,NA,0.08,NA
3,20,Control,0,1,1,0.016,0.03842,0.583550234,0.575162739,-0.01,0
3,20,Control,0,1,2,0.0133,0.0307,0.566775244,NA,0.01,NA
3,20,Control,0.3,1,1,0.0161,0.0385,0.581818182,0.575983718,-0.01,0
3,20,Control,0.3,1,2,0.0144,0.0335,0.570149254,NA,0.01,NA
3,20,Control,2,1,1,0.0194,0.0487,0.60164271,0.595139537,-0.01,0
3,20,Control,2,1,2,0.0181,0.044,0.588636364,NA,0.01,NA
3,20,Control,24,1,1,0.0465,0.07812,0.404761905,0.405601811,0,0
3,20,Control,24,1,2,0.0387,0.0652,0.406441718,NA,0,NA
3,20,Control,48,1,1,0.0762,0.12856,0.407280647,0.407208485,0,0
3,20,Control,48,1,2,0.0648,0.1093,0.407136322,NA,0,NA
3,20,Control,72,1,1,0.0987,0.16686,0.408486156,0.407218707,0,0
3,20,Control,72,1,2,0.08824,0.14854,0.405951259,NA,0,NA
3,20,MeOH,0,1,1,0.0127,0.0284,0.552816901,NA,0.04,0.03
3,20,MeOH,0,1,2,0.0122,0.02776,0.560518732,NA,0.03,NA
3,20,MeOH,0.3,1,1,0.0133,0.0304,0.5625,NA,0.02,0.03
3,20,MeOH,0.3,1,2,0.01238,0.02782,0.554996405,NA,0.04,NA
3,20,MeOH,2,1,1,0.0155,0.0357,0.565826331,NA,0.05,0.04
3,20,MeOH,2,1,2,0.0154,0.0368,0.581521739,NA,0.02,NA
3,20,MeOH,24,1,1,0.03736,0.0688,0.456976744,NA,-0.13,-0.13
3,20,MeOH,24,1,2,0.0356,0.0656,0.457317073,NA,-0.13,NA
3,20,MeOH,48,1,1,0.0586,0.09648,0.392620232,NA,0.04,0.03
3,20,MeOH,48,1,2,0.0568,0.09392,0.395229983,NA,0.03,NA
3,20,MeOH,72,1,1,0.08746,0.14234,0.385555712,NA,0.05,0.05
3,20,MeOH,72,1,2,0.07862,0.12834,0.387408446,NA,0.05,NA
3,20,3,0,1,1,0.0116,0.0268,0.567164179,NA,0.01,0.01
3,20,3,0,1,2,0.0113,0.0265,0.573584906,NA,0,NA
3,20,3,0.3,1,1,0.0241,0.03228,0.253407683,NA,0.56,0.56
3,20,3,0.3,1,2,0.02216,0.0297,0.253872054,NA,0.56,NA
3,20,3,2,1,1,0.0259,0.0344,0.247093023,NA,0.58,0.6
3,20,3,2,1,2,0.0256,0.0334,0.233532934,NA,0.61,NA
3,20,3,24,1,1,0.0454,0.06296,0.278907243,NA,0.31,0.29
3,20,3,24,1,2,0.0437,0.06226,0.298104722,NA,0.27,NA
3,20,3,48,1,1,0.0807,0.1094,0.262340037,NA,0.36,0.35
3,20,3,48,1,2,0.07718,0.1057,0.269820246,NA,0.34,NA
3,20,3,72,1,1,0.125,0.16706,0.251765833,NA,0.38,0.37
3,20,3,72,1,2,0.11322,0.15354,0.262602579,NA,0.36,NA
3,20,1,0,1,1,0.0135,0.03,0.55,NA,0.04,0.03
3,20,1,0,1,2,0.01726,0.0401,0.56957606,NA,0.01,NA
3,20,1,0.3,1,1,0.0195,0.0344,0.433139535,NA,0.25,0.25
3,20,1,0.3,1,2,0.0214,0.03726,0.425657542,NA,0.26,NA
3,20,1,2,1,1,0.0229,0.0411,0.442822384,NA,0.26,0.27
3,20,1,2,1,2,0.0258,0.0449,0.425389755,NA,0.29,NA
3,20,1,24,1,1,0.06208,0.10216,0.392325764,NA,0.03,0.03
3,20,1,24,1,2,0.06762,0.11138,0.392889208,NA,0.03,NA
3,20,1,48,1,1,0.0893,0.13226,0.324814759,NA,0.2,0.2
3,20,1,48,1,2,0.0943,0.14028,0.327773025,NA,0.2,NA
3,20,1,72,1,1,0.1295,0.19872,0.348329308,NA,0.14,0.14
3,20,1,72,1,2,0.1351,0.20942,0.35488492,NA,0.13,NA
3,20,0.33,0,1,1,0.01738,0.0397,0.562216625,NA,0.02,0.01
3,20,0.33,0,1,2,0.0135,0.0315,0.571428571,NA,0.01,NA
3,20,0.33,0.3,1,1,0.0197,0.04158,0.526214526,NA,0.09,0.09
3,20,0.33,0.3,1,2,0.01736,0.03658,0.525423729,NA,0.09,NA
3,20,0.33,2,1,1,0.023,0.0496,0.536290323,NA,0.1,0.11
3,20,0.33,2,1,2,0.0201,0.04266,0.52883263,NA,0.11,NA
3,20,0.33,24,1,1,0.0584,0.0942,0.380042463,NA,0.06,0.06
3,20,0.33,24,1,2,0.0497,0.0809,0.38566131,NA,0.05,NA
3,20,0.33,48,1,1,0.0986,0.18214,0.458658175,NA,-0.13,-0.13
3,20,0.33,48,1,2,0.08218,0.15296,0.462735356,NA,-0.14,NA
3,20,0.33,72,1,1,0.13128,0.20716,0.366286928,NA,0.1,0.09
3,20,0.33,72,1,2,0.12352,0.19756,0.374772221,NA,0.08,NA
3,20,0.11,0,1,1,0.0167,0.03766,0.556558683,NA,0.03,0.05
3,20,0.11,0,1,2,0.0105,0.0227,0.537444934,NA,0.07,NA
3,20,0.11,0.3,1,1,0.0187,0.04196,0.554337464,NA,0.04,0.05
3,20,0.11,0.3,1,2,0.01282,0.02816,0.544744318,NA,0.05,NA
3,20,0.11,2,1,1,0.0209,0.0483,0.567287785,NA,0.05,0.05
3,20,0.11,2,1,2,0.0134,0.0308,0.564935065,NA,0.05,NA
3,20,0.11,24,1,1,0.0639,0.1342,0.523845007,NA,-0.29,-0.28
3,20,0.11,24,1,2,0.0385,0.0799,0.518147685,NA,-0.28,NA
3,20,0.11,48,1,1,0.09628,0.15658,0.385106655,NA,0.05,0.07
3,20,0.11,48,1,2,0.0606,0.09716,0.376286538,NA,0.08,NA
3,20,0.11,72,1,1,0.12294,0.19266,0.361881034,NA,0.11,0.11
3,20,0.11,72,1,2,0.0895,0.14048,0.362898633,NA,0.11,NA
3,5,Control,0,1,1,0.0131,0.0301,0.564784053,0.563904632,0,0
3,5,Control,0,1,2,0.0104,0.0238,0.56302521,NA,0,NA
3,5,Control,0.3,1,1,0.0156,0.0346,0.549132948,0.555054279,0.01,0
3,5,Control,0.3,1,2,0.0108,0.0246,0.56097561,NA,-0.01,NA
3,5,Control,2,1,1,0.0158,0.037,0.572972973,0.571052403,0,0
3,5,Control,2,1,2,0.0134,0.0311,0.569131833,NA,0,NA
3,5,Control,24,1,1,0.0297,0.0695,0.572661871,0.560438078,-0.02,0
3,5,Control,24,1,2,0.0253,0.056,0.548214286,NA,0.02,NA
3,5,Control,48,1,1,0.0512,0.12256,0.582245431,0.578134618,-0.01,0
3,5,Control,48,1,2,0.0408,0.09578,0.574023805,NA,0.01,NA
3,5,Control,72,1,1,0.11138,0.25404,0.561565108,0.561274236,0,0
3,5,Control,72,1,2,0.08286,0.18874,0.560983363,NA,0,NA
3,5,MeOH,0,1,1,0.0101,0.0242,0.582644628,NA,-0.03,-0.03
3,5,MeOH,0,1,2,0.0111,0.0261,0.574712644,NA,-0.02,NA
3,5,MeOH,0.3,1,1,0.0104,0.0252,0.587301587,NA,-0.06,-0.03
3,5,MeOH,0.3,1,2,0.0111,0.0252,0.55952381,NA,-0.01,NA
3,5,MeOH,2,1,1,0.01228,0.03,0.590666667,NA,-0.03,-0.03
3,5,MeOH,2,1,2,0.0127,0.0304,0.582236842,NA,-0.02,NA
3,5,MeOH,24,1,1,0.02262,0.0501,0.548502994,NA,0.02,0.02
3,5,MeOH,24,1,2,0.0246,0.0547,0.550274223,NA,0.02,NA
3,5,MeOH,48,1,1,0.0384,0.0897,0.571906355,NA,0.01,0.01
3,5,MeOH,48,1,2,0.0394,0.09342,0.578248769,NA,0,NA
3,5,MeOH,72,1,1,0.0801,0.18188,0.559599736,NA,0,0
3,5,MeOH,72,1,2,0.07728,0.1746,0.557388316,NA,0.01,NA
3,5,3,0,1,1,0.01238,0.02726,0.545854732,NA,0.03,0.04
3,5,3,0,1,2,0.0146,0.0314,0.535031847,NA,0.05,NA
3,5,3,0.3,1,1,0.0241,0.0313,0.230031949,NA,0.59,0.55
3,5,3,0.3,1,2,0.02254,0.031,0.272903226,NA,0.51,NA
3,5,3,2,1,1,0.0286,0.03708,0.228694714,NA,0.6,0.56
3,5,3,2,1,2,0.0288,0.0394,0.269035533,NA,0.53,NA
3,5,3,24,1,1,0.0343,0.0494,0.305668016,NA,0.45,0.44
3,5,3,24,1,2,0.0402,0.0595,0.324369748,NA,0.42,NA
3,5,3,48,1,1,0.04216,0.06206,0.320657428,NA,0.45,0.42
3,5,3,48,1,2,0.0489,0.0753,0.35059761,NA,0.39,NA
3,5,3,72,1,1,0.0904,0.13216,0.31598063,NA,0.44,0.42
3,5,3,72,1,2,0.0864,0.1305,0.337931034,NA,0.4,NA
3,5,1,0,1,1,0.013,0.027,0.518518519,NA,0.08,0.08
3,5,1,0,1,2,0.0151,0.0317,0.523659306,NA,0.07,NA
3,5,1,0.3,1,1,0.0185,0.0312,0.407051282,NA,0.27,0.25
3,5,1,0.3,1,2,0.0179,0.0311,0.424437299,NA,0.24,NA
3,5,1,2,1,1,0.02208,0.03882,0.43122102,NA,0.24,0.24
3,5,1,2,1,2,0.0214,0.0381,0.43832021,NA,0.23,NA
3,5,1,24,1,1,0.03266,0.064,0.4896875,NA,0.13,0.12
3,5,1,24,1,2,0.0403,0.0798,0.494987469,NA,0.12,NA
3,5,1,48,1,1,0.0607,0.1198,0.493322204,NA,0.15,0.15
3,5,1,48,1,2,0.06812,0.13364,0.490272374,NA,0.15,NA
3,5,1,72,1,1,0.1289,0.23764,0.457582899,NA,0.18,0.18
3,5,1,72,1,2,0.1305,0.24088,0.458236466,NA,0.18,NA
3,5,0.33,0,1,1,0.0153,0.03302,0.536644458,NA,0.05,0.04
3,5,0.33,0,1,2,0.017,0.03744,0.545940171,NA,0.03,NA
3,5,0.33,0.3,1,1,0.0209,0.04312,0.515306122,NA,0.07,0.07
3,5,0.33,0.3,1,2,0.0183,0.03774,0.515103339,NA,0.07,NA
3,5,0.33,2,1,1,0.0229,0.0507,0.548323471,NA,0.04,0.04
3,5,0.33,2,1,2,0.0202,0.0452,0.553097345,NA,0.03,NA
3,5,0.33,24,1,1,0.0383,0.09432,0.593935539,NA,-0.06,-0.06
3,5,0.33,24,1,2,0.03772,0.09266,0.592920354,NA,-0.06,NA
3,5,0.33,48,1,1,0.0592,0.14048,0.578587699,NA,0,-0.01
3,5,0.33,48,1,2,0.06168,0.14884,0.58559527,NA,-0.01,NA
3,5,0.33,72,1,1,0.1342,0.30606,0.561523884,NA,0,0
3,5,0.33,72,1,2,0.12842,0.29424,0.563553562,NA,0,NA
3,5,0.11,0,1,1,0.01262,0.02728,0.537390029,NA,0.05,0.08
3,5,0.11,0,1,2,0.0121,0.0241,0.497925311,NA,0.12,NA
3,5,0.11,0.3,1,1,0.0154,0.03294,0.532483303,NA,0.04,0.08
3,5,0.11,0.3,1,2,0.0131,0.0258,0.492248062,NA,0.11,NA
3,5,0.11,2,1,1,0.01754,0.0397,0.558186398,NA,0.02,0.04
3,5,0.11,2,1,2,0.0137,0.0294,0.534013605,NA,0.06,NA
3,5,0.11,24,1,1,0.0266,0.063,0.577777778,NA,-0.03,-0.04
3,5,0.11,24,1,2,0.0238,0.05802,0.589796622,NA,-0.05,NA
3,5,0.11,48,1,1,0.05804,0.14246,0.592587393,NA,-0.02,-0.02
3,5,0.11,48,1,2,0.0497,0.12126,0.590136896,NA,-0.02,NA
3,5,0.11,72,1,1,0.12226,0.28854,0.576280585,NA,-0.03,-0.03
3,5,0.11,72,1,2,0.0996,0.23902,0.583298469,NA,-0.04,NA
4,80,Control,0,1,1,0.015,0.03274,0.541844838,0.533197124,-0.02,0
4,80,Control,0,1,2,0.0153,0.03218,0.52454941,NA,0.02,NA
4,80,Control,0.3,1,1,0.0152,0.0338,0.550295858,0.543862618,-0.01,0
4,80,Control,0.3,1,2,0.0131,0.02832,0.537429379,NA,0.01,NA
4,80,Control,2,1,1,0.0181,0.0415,0.563855422,0.557053339,-0.01,0
4,80,Control,2,1,2,0.0179,0.0398,0.550251256,NA,0.01,NA
4,80,Control,24,1,1,0.0346,0.0699,0.505007153,0.500870606,-0.01,0
4,80,Control,24,1,2,0.03236,0.0643,0.496734059,NA,0.01,NA
4,80,Control,48,1,1,0.0561,0.0896,0.373883929,0.370049239,-0.01,0
4,80,Control,48,1,2,0.0514,0.0811,0.36621455,NA,0.01,NA
4,80,Control,72,1,1,0.05736,0.09316,0.384285101,0.383747073,0,0
4,80,Control,72,1,2,0.05128,0.08314,0.383209045,NA,0,NA
4,80,MeOH,0,1,1,0.0139,0.0305,0.544262295,NA,-0.02,0.01
4,80,MeOH,0,1,2,0.014,0.0287,0.512195122,NA,0.04,NA
4,80,MeOH,0.3,1,1,0.012,0.02782,0.568655643,NA,-0.05,-0.04
4,80,MeOH,0.3,1,2,0.0117,0.0265,0.558490566,NA,-0.03,NA
4,80,MeOH,2,1,1,0.0158,0.0352,0.551136364,NA,0.01,0.02
4,80,MeOH,2,1,2,0.0159,0.0343,0.536443149,NA,0.04,NA
4,80,MeOH,24,1,1,0.029,0.0587,0.505962521,NA,-0.01,0.01
4,80,MeOH,24,1,2,0.0273,0.05312,0.486069277,NA,0.03,NA
4,80,MeOH,48,1,1,0.0586,0.0907,0.353914002,NA,0.04,0.05
4,80,MeOH,48,1,2,0.05274,0.0807,0.346468401,NA,0.06,NA
4,80,MeOH,72,1,1,0.05812,0.0939,0.381043663,NA,0.01,0.01
4,80,MeOH,72,1,2,0.0516,0.08286,0.377262853,NA,0.02,NA
4,80,3,0,1,1,0.0153,0.0337,0.545994065,NA,-0.02,-0.05
4,80,3,0,1,2,0.0136,0.03226,0.578425294,NA,-0.08,NA
4,80,3,0.3,1,1,0.0236,0.03246,0.272951325,NA,0.5,0.48
4,80,3,0.3,1,2,0.0162,0.0229,0.292576419,NA,0.46,NA
4,80,3,2,1,1,0.02782,0.0361,0.229362881,NA,0.59,0.58
4,80,3,2,1,2,0.0216,0.0285,0.242105263,NA,0.57,NA
4,80,3,24,1,1,0.0493,0.06784,0.273290094,NA,0.45,0.45
4,80,3,24,1,2,0.0367,0.0506,0.274703557,NA,0.45,NA
4,80,3,48,1,1,0.0682,0.091,0.250549451,NA,0.32,0.32
4,80,3,48,1,2,0.0558,0.0744,0.25,NA,0.32,NA
4,80,3,72,1,1,0.06744,0.09276,0.272962484,NA,0.29,0.28
4,80,3,72,1,2,0.05402,0.0747,0.276840696,NA,0.28,NA
4,80,1,0,1,1,0.0153,0.0333,0.540540541,NA,-0.01,-0.03
4,80,1,0,1,2,0.01718,0.0391,0.560613811,NA,-0.05,NA
4,80,1,0.3,1,1,0.01752,0.0315,0.443809524,NA,0.18,0.17
4,80,1,0.3,1,2,0.0189,0.0347,0.455331412,NA,0.16,NA
4,80,1,2,1,1,0.0255,0.0411,0.379562044,NA,0.32,0.28
4,80,1,2,1,2,0.0257,0.0441,0.41723356,NA,0.25,NA
4,80,1,24,1,1,0.0444,0.07098,0.374471682,NA,0.25,0.25
4,80,1,24,1,2,0.0493,0.07904,0.376265182,NA,0.25,NA
4,80,1,48,1,1,0.05764,0.08226,0.299294919,NA,0.19,0.2
4,80,1,48,1,2,0.0717,0.1016,0.294291339,NA,0.2,NA
4,80,1,72,1,1,0.0504,0.07362,0.315403423,NA,0.18,0.18
4,80,1,72,1,2,0.05764,0.08442,0.317223407,NA,0.17,NA
4,80,0.33,0,1,1,0.015,0.0339,0.557522124,NA,-0.05,-0.05
4,80,0.33,0,1,2,0.0148,0.034,0.564705882,NA,-0.06,NA
4,80,0.33,0.3,1,1,0.01728,0.03698,0.532720389,NA,0.02,0.01
4,80,0.33,0.3,1,2,0.0166,0.0361,0.540166205,NA,0.01,NA
4,80,0.33,2,1,1,0.02188,0.0432,0.493518519,NA,0.11,0.1
4,80,0.33,2,1,2,0.0204,0.0413,0.506053269,NA,0.09,NA
4,80,0.33,24,1,1,0.0465,0.08206,0.433341457,NA,0.13,0.14
4,80,0.33,24,1,2,0.0417,0.07354,0.432961654,NA,0.14,NA
4,80,0.33,48,1,1,0.05746,0.08658,0.336336336,NA,0.09,0.09
4,80,0.33,48,1,2,0.0544,0.08216,0.337877313,NA,0.09,NA
4,80,0.33,72,1,1,0.05812,0.09058,0.358357253,NA,0.07,0.08
4,80,0.33,72,1,2,0.05168,0.07912,0.346814965,NA,0.1,NA
4,80,0.11,0,1,1,0.0169,0.0346,0.511560694,NA,0.04,0.01
4,80,0.11,0,1,2,0.0176,0.0389,0.547557841,NA,-0.03,NA
4,80,0.11,0.3,1,1,0.0153,0.03294,0.535519126,NA,0.02,-0.01
4,80,0.11,0.3,1,2,0.0155,0.0352,0.559659091,NA,-0.03,NA
4,80,0.11,2,1,1,0.0204,0.04188,0.512893983,NA,0.08,0.05
4,80,0.11,2,1,2,0.0197,0.04322,0.544192503,NA,0.02,NA
4,80,0.11,24,1,1,0.0438,0.08316,0.473304473,NA,0.06,0.06
4,80,0.11,24,1,2,0.0426,0.08088,0.473293769,NA,0.06,NA
4,80,0.11,48,1,1,0.0659,0.10166,0.351760771,NA,0.05,0.06
4,80,0.11,48,1,2,0.0606,0.09274,0.346560276,NA,0.06,NA
4,80,0.11,72,1,1,0.0549,0.08578,0.359990674,NA,0.06,0.07
4,80,0.11,72,1,2,0.05276,0.08166,0.353906441,NA,0.08,NA
4,20,Control,0,1,1,0.0161,0.0363,0.556473829,0.55286378,-0.01,0
4,20,Control,0,1,2,0.0151,0.0335,0.549253731,NA,0.01,NA
4,20,Control,0.3,1,1,0.0132,0.0302,0.562913907,0.560492746,0,0
4,20,Control,0.3,1,2,0.0121,0.02738,0.558071585,NA,0,NA
4,20,Control,2,1,1,0.0194,0.0487,0.60164271,0.595139537,-0.01,0
4,20,Control,2,1,2,0.0181,0.044,0.588636364,NA,0.01,NA
4,20,Control,24,1,1,0.0378,0.08158,0.53665114,0.540569554,0.01,0
4,20,Control,24,1,2,0.03256,0.07148,0.544487969,NA,-0.01,NA
4,20,Control,48,1,1,0.0567,0.095,0.403157895,0.400270584,-0.01,0
4,20,Control,48,1,2,0.04698,0.07796,0.397383273,NA,0.01,NA
4,20,Control,72,1,1,0.0543,0.09286,0.415248762,0.413813986,0,0
4,20,Control,72,1,2,0.045,0.07658,0.412379211,NA,0,NA
4,20,MeOH,0,1,1,0.0158,0.0353,0.552407932,NA,0,0
4,20,MeOH,0,1,2,0.0152,0.0341,0.554252199,NA,0,NA
4,20,MeOH,0.3,1,1,0.0122,0.029,0.579310345,NA,-0.03,-0.03
4,20,MeOH,0.3,1,2,0.012,0.0281,0.572953737,NA,-0.02,NA
4,20,MeOH,2,1,1,0.0155,0.0357,0.565826331,NA,0.05,0.04
4,20,MeOH,2,1,2,0.0154,0.0368,0.581521739,NA,0.02,NA
4,20,MeOH,24,1,1,0.0363,0.08038,0.548395123,NA,-0.01,-0.02
4,20,MeOH,24,1,2,0.0336,0.0746,0.549597855,NA,-0.02,NA
4,20,MeOH,48,1,1,0.05794,0.0944,0.386228814,NA,0.04,0.04
4,20,MeOH,48,1,2,0.05786,0.0942,0.385774947,NA,0.04,NA
4,20,MeOH,72,1,1,0.05314,0.09078,0.414628773,NA,0,0
4,20,MeOH,72,1,2,0.056,0.09528,0.412258606,NA,0,NA
4,20,3,0,1,1,0.0167,0.03842,0.565330557,NA,-0.02,-0.01
4,20,3,0,1,2,0.0141,0.0314,0.550955414,NA,0,NA
4,20,3,0.3,1,1,0.0207,0.0295,0.298305085,NA,0.47,0.47
4,20,3,0.3,1,2,0.0214,0.0303,0.293729373,NA,0.48,NA
4,20,3,2,1,1,0.0259,0.0344,0.247093023,NA,0.58,0.6
4,20,3,2,1,2,0.0256,0.0334,0.233532934,NA,0.61,NA
4,20,3,24,1,1,0.05264,0.07756,0.321299639,NA,0.41,0.4
4,20,3,24,1,2,0.0495,0.07314,0.323215751,NA,0.4,NA
4,20,3,48,1,1,0.0812,0.11178,0.27357309,NA,0.32,0.3
4,20,3,48,1,2,0.0764,0.10668,0.28383952,NA,0.29,NA
4,20,3,72,1,1,0.0793,0.10972,0.277251185,NA,0.33,0.32
4,20,3,72,1,2,0.07726,0.10776,0.283036377,NA,0.32,NA
4,20,1,0,1,1,0.0163,0.03638,0.551951622,NA,0,-0.01
4,20,1,0,1,2,0.0153,0.0348,0.560344828,NA,-0.01,NA
4,20,1,0.3,1,1,0.0149,0.02766,0.46131598,NA,0.18,0.15
4,20,1,0.3,1,2,0.0162,0.0317,0.488958991,NA,0.13,NA
4,20,1,2,1,1,0.0229,0.0411,0.442822384,NA,0.26,0.27
4,20,1,2,1,2,0.0258,0.0449,0.425389755,NA,0.29,NA
4,20,1,24,1,1,0.0499,0.08628,0.42165044,NA,0.22,0.22
4,20,1,24,1,2,0.0551,0.09498,0.419877869,NA,0.22,NA
4,20,1,48,1,1,0.0715,0.1046,0.316443595,NA,0.21,0.2
4,20,1,48,1,2,0.07698,0.11352,0.321881607,NA,0.2,NA
4,20,1,72,1,1,0.06686,0.10068,0.335915773,NA,0.19,0.17
4,20,1,72,1,2,0.07312,0.11216,0.34807418,NA,0.16,NA
4,20,0.33,0,1,1,0.01754,0.0396,0.557070707,NA,-0.01,-0.02
4,20,0.33,0,1,2,0.0159,0.03688,0.568872017,NA,-0.03,NA
4,20,0.33,0.3,1,1,0.0169,0.0365,0.536986301,NA,0.04,0.03
4,20,0.33,0.3,1,2,0.0141,0.0315,0.552380952,NA,0.01,NA
4,20,0.33,2,1,1,0.023,0.0496,0.536290323,NA,0.1,0.11
4,20,0.33,2,1,2,0.0201,0.04266,0.52883263,NA,0.11,NA
4,20,0.33,24,1,1,0.0465,0.08844,0.47421981,NA,0.12,0.12
4,20,0.33,24,1,2,0.0408,0.07736,0.472595657,NA,0.13,NA
4,20,0.33,48,1,1,0.0695,0.10942,0.364832755,NA,0.09,0.09
4,20,0.33,48,1,2,0.0613,0.09638,0.363975929,NA,0.09,NA
4,20,0.33,72,1,1,0.06686,0.10578,0.367933447,NA,0.11,0.1
4,20,0.33,72,1,2,0.05786,0.09304,0.378116939,NA,0.09,NA
4,20,0.11,0,1,1,0.0183,0.04,0.5425,NA,0.02,0
4,20,0.11,0,1,2,0.0145,0.03284,0.558465286,NA,-0.01,NA
4,20,0.11,0.3,1,1,0.0171,0.0398,0.570351759,NA,-0.02,0.02
4,20,0.11,0.3,1,2,0.0106,0.02272,0.533450704,NA,0.05,NA
4,20,0.11,2,1,1,0.0209,0.0483,0.567287785,NA,0.05,0.05
4,20,0.11,2,1,2,0.0134,0.0308,0.564935065,NA,0.05,NA
4,20,0.11,24,1,1,0.0603,0.12478,0.516749479,NA,0.04,0.06
4,20,0.11,24,1,2,0.03302,0.06658,0.504055272,NA,0.07,NA
4,20,0.11,48,1,1,0.1006,0.1644,0.388077859,NA,0.03,0.03
4,20,0.11,48,1,2,0.0544,0.08882,0.387525332,NA,0.03,NA
4,20,0.11,72,1,1,0.09324,0.14884,0.373555496,NA,0.1,0.09
4,20,0.11,72,1,2,0.0448,0.07186,0.376565544,NA,0.09,NA
4,5,Control,0,1,1,0.01688,0.03648,0.537280702,0.543230515,0.01,0
4,5,Control,0,1,2,0.011,0.0244,0.549180328,NA,-0.01,NA
4,5,Control,0.3,1,1,0.0117,0.0284,0.588028169,0.590968399,0,0
4,5,Control,0.3,1,2,0.0112,0.02758,0.593908629,NA,0,NA
4,5,Control,2,1,1,0.0158,0.037,0.572972973,0.571052403,0,0
4,5,Control,2,1,2,0.0134,0.0311,0.569131833,NA,0,NA
4,5,Control,24,1,1,0.02708,0.06304,0.570431472,0.556386907,-0.03,0
4,5,Control,24,1,2,0.0254,0.0555,0.542342342,NA,0.03,NA
4,5,Control,48,1,1,0.04198,0.0997,0.57893681,0.574111262,-0.01,0
4,5,Control,48,1,2,0.03618,0.084,0.569285714,NA,0.01,NA
4,5,Control,72,1,1,0.05198,0.12166,0.572743712,0.568750861,-0.01,0
4,5,Control,72,1,2,0.05108,0.11736,0.56475801,NA,0.01,NA
4,5,MeOH,0,1,1,0.01254,0.0286,0.561538462,NA,-0.03,-0.03
4,5,MeOH,0,1,2,0.012,0.02718,0.558498896,NA,-0.03,NA
4,5,MeOH,0.3,1,1,0.0112,0.02782,0.597411934,NA,-0.01,0
4,5,MeOH,0.3,1,2,0.011,0.0264,0.583333333,NA,0.01,NA
4,5,MeOH,2,1,1,0.01228,0.03,0.590666667,NA,-0.03,-0.03
4,5,MeOH,2,1,2,0.0127,0.0304,0.582236842,NA,-0.02,NA
4,5,MeOH,24,1,1,0.0257,0.0556,0.537769784,NA,0.03,0.03
4,5,MeOH,24,1,2,0.026,0.05726,0.545930842,NA,0.02,NA
4,5,MeOH,48,1,1,0.0395,0.08882,0.555280342,NA,0.03,0.02
4,5,MeOH,48,1,2,0.04246,0.09794,0.566469267,NA,0.01,NA
4,5,MeOH,72,1,1,0.05708,0.12726,0.551469433,NA,0.03,0.02
4,5,MeOH,72,1,2,0.0595,0.13498,0.559193955,NA,0.02,NA
4,5,3,0,1,1,0.017,0.036,0.527777778,NA,0.03,0.05
4,5,3,0,1,2,0.01236,0.0249,0.503614458,NA,0.07,NA
4,5,3,0.3,1,1,0.0238,0.0343,0.306122449,NA,0.48,0.47
4,5,3,0.3,1,2,0.0244,0.0357,0.316526611,NA,0.46,NA
4,5,3,2,1,1,0.0286,0.03708,0.228694714,NA,0.6,0.56
4,5,3,2,1,2,0.0288,0.0394,0.269035533,NA,0.53,NA
4,5,3,24,1,1,0.04246,0.0644,0.34068323,NA,0.39,0.38
4,5,3,24,1,2,0.04688,0.07168,0.345982143,NA,0.38,NA
4,5,3,48,1,1,0.057,0.0901,0.367369589,NA,0.36,0.35
4,5,3,48,1,2,0.0634,0.10254,0.381704701,NA,0.34,NA
4,5,3,72,1,1,0.06784,0.11098,0.388718688,NA,0.32,0.31
4,5,3,72,1,2,0.079,0.13206,0.401787066,NA,0.29,NA
4,5,1,0,1,1,0.0139,0.02832,0.509180791,NA,0.06,0.06
4,5,1,0,1,2,0.01352,0.02802,0.517487509,NA,0.05,NA
4,5,1,0.3,1,1,0.01728,0.0316,0.453164557,NA,0.23,0.21
4,5,1,0.3,1,2,0.01736,0.03312,0.475845411,NA,0.19,NA
4,5,1,2,1,1,0.02208,0.03882,0.43122102,NA,0.24,0.24
4,5,1,2,1,2,0.0214,0.0381,0.43832021,NA,0.23,NA
4,5,1,24,1,1,0.0332,0.06726,0.506393101,NA,0.09,0.09
4,5,1,24,1,2,0.03754,0.0762,0.507349081,NA,0.09,NA
4,5,1,48,1,1,0.0515,0.10706,0.51896133,NA,0.1,0.1
4,5,1,48,1,2,0.05728,0.11862,0.517113472,NA,0.1,NA
4,5,1,72,1,1,0.0691,0.1442,0.520804438,NA,0.08,0.08
4,5,1,72,1,2,0.0843,0.1761,0.521294719,NA,0.08,NA
4,5,0.33,0,1,1,0.0187,0.04234,0.55833727,NA,-0.03,-0.02
4,5,0.33,0,1,2,0.0166,0.03648,0.54495614,NA,0,NA
4,5,0.33,0.3,1,1,0.01698,0.03706,0.541824069,NA,0.08,0.08
4,5,0.33,0.3,1,2,0.0171,0.03766,0.545937334,NA,0.08,NA
4,5,0.33,2,1,1,0.0229,0.0507,0.548323471,NA,0.04,0.04
4,5,0.33,2,1,2,0.0202,0.0452,0.553097345,NA,0.03,NA
4,5,0.33,24,1,1,0.0357,0.08432,0.576612903,NA,-0.04,-0.04
4,5,0.33,24,1,2,0.0379,0.0899,0.578420467,NA,-0.04,NA
4,5,0.33,48,1,1,0.05618,0.13754,0.591537007,NA,-0.03,-0.03
4,5,0.33,48,1,2,0.0605,0.14784,0.59077381,NA,-0.03,NA
4,5,0.33,72,1,1,0.0748,0.17766,0.578971068,NA,-0.02,-0.02
4,5,0.33,72,1,2,0.08508,0.20244,0.579727327,NA,-0.02,NA
4,5,0.11,0,1,1,0.0166,0.0348,0.522988506,NA,0.04,0.06
4,5,0.11,0,1,2,0.0142,0.0286,0.503496503,NA,0.07,NA
4,5,0.11,0.3,1,1,0.0145,0.03314,0.562462281,NA,0.05,0.07
4,5,0.11,0.3,1,2,0.01264,0.0271,0.533579336,NA,0.1,NA
4,5,0.11,2,1,1,0.01754,0.0397,0.558186398,NA,0.02,0.04
4,5,0.11,2,1,2,0.0137,0.0294,0.534013605,NA,0.06,NA
4,5,0.11,24,1,1,0.0296,0.07116,0.584035975,NA,-0.05,-0.05
4,5,0.11,24,1,2,0.02738,0.0659,0.584522003,NA,-0.05,NA
4,5,0.11,48,1,1,0.04294,0.10472,0.589954163,NA,-0.03,-0.03
4,5,0.11,48,1,2,0.0404,0.09822,0.588678477,NA,-0.03,NA
4,5,0.11,72,1,1,0.05678,0.1356,0.581268437,NA,-0.02,-0.02
4,5,0.11,72,1,2,0.0555,0.13306,0.582894935,NA,-0.02,NA