Block,Light (u mol photons m/s/),Diuron (ug/L),Time (hours),Replicate,Pseudo-replicate,Photosynthetic inhibition (%),Average photosynthetic inhibition (%)
1,80,Control,0,1,1,-0.033351558,5.55E-17
1,80,Control,0,1,2,0.033351558,
1,80,Control,0.3,1,1,-0.027539477,5.55E-17
1,80,Control,0.3,1,2,0.027539477,
1,80,Control,2,1,1,-0.030151493,-1.11E-16
1,80,Control,2,1,2,0.030151493,
1,80,Control,24,1,1,-0.009496225,-1.11E-16
1,80,Control,24,1,2,0.009496225,
1,80,Control,48,1,1,0.010895065,1.11E-16
1,80,Control,48,1,2,-0.010895065,
1,80,Control,72,1,1,0.003091693,5.55E-17
1,80,Control,72,1,2,-0.003091693,
1,80,MeOH,0,1,1,-0.032039366,-0.006678455
1,80,MeOH,0,1,2,0.018682456,
1,80,MeOH,0.3,1,1,-0.026339081,-0.005613382
1,80,MeOH,0.3,1,2,0.015112317,
1,80,MeOH,2,1,1,0.004863516,0.017458964
1,80,MeOH,2,1,2,0.030054411,
1,80,MeOH,24,1,1,0.215365354,0.214939859
1,80,MeOH,24,1,2,0.214514364,
1,80,MeOH,48,1,1,0.026955935,0.025739679
1,80,MeOH,48,1,2,0.024523424,
1,80,MeOH,72,1,1,0.003949402,0.002384943
1,80,MeOH,72,1,2,0.000820484,
1,80,3,0,1,1,0.006834336,-0.013258611
1,80,3,0,1,2,-0.033351558,
1,80,3,0.3,1,1,0.513309293,0.494488988
1,80,3,0.3,1,2,0.475668682,
1,80,3,2,1,1,0.53335951,0.509047149
1,80,3,2,1,2,0.484734787,
1,80,3,24,1,1,0.413450376,0.407251711
1,80,3,24,1,2,0.401053046,
1,80,3,48,1,1,0.405920885,0.398334342
1,80,3,48,1,2,0.390747799,
1,80,3,72,1,1,0.376339772,0.374351305
1,80,3,72,1,2,0.372362838,
1,80,1,0,1,1,-0.023510115,-0.015954676
1,80,1,0,1,2,-0.008399237,
1,80,1,0.3,1,1,0.211117395,0.187781759
1,80,1,0.3,1,2,0.164446123,
1,80,1,2,1,1,0.214858859,0.196216542
1,80,1,2,1,2,0.177574225,
1,80,1,24,1,1,0.376208008,0.378559717
1,80,1,24,1,2,0.380911426,
1,80,1,48,1,1,0.249926153,0.252091923
1,80,1,48,1,2,0.254257693,
1,80,1,72,1,1,0.275614024,0.282655945
1,80,1,72,1,2,0.289697866,
1,80,0.33,0,1,1,-0.010910085,-0.01623953
1,80,0.33,0,1,2,-0.021568975,
1,80,0.33,0.3,1,1,0.056099181,0.039658249
1,80,0.33,0.3,1,2,0.023217317,
1,80,0.33,2,1,1,0.051056098,0.038314001
1,80,0.33,2,1,2,0.025571904,
1,80,0.33,24,1,1,0.387403622,0.393328945
1,80,0.33,24,1,2,0.399254268,
1,80,0.33,48,1,1,0.150722562,0.142750773
1,80,0.33,48,1,2,0.134778983,
1,80,0.33,72,1,1,0.173837008,0.173843959
1,80,0.33,72,1,2,0.17385091,
1,80,0.11,0,1,1,-0.002581298,-0.014873403
1,80,0.11,0,1,2,-0.027165508,
1,80,0.11,0.3,1,1,0.060813694,0.021100034
1,80,0.11,0.3,1,2,-0.018613626,
1,80,0.11,2,1,1,0.029405983,0.014660171
1,80,0.11,2,1,2,-8.56E-05,
1,80,0.11,24,1,1,0.328673067,0.330342215
1,80,0.11,24,1,2,0.332011363,
1,80,0.11,48,1,1,0.061265642,0.080974
1,80,0.11,48,1,2,0.100682358,
1,80,0.11,72,1,1,0.056100425,0.061959746
1,80,0.11,72,1,2,0.067819066,
1,20,Control,0,1,1,-0.002747795,-1.11E-16
1,20,Control,0,1,2,0.003092798,
1,20,Control,0.3,1,1,-0.003092798,1.67E-16
1,20,Control,0.3,1,2,0.003092798,
1,20,Control,2,1,1,-0.005963971,-1.11E-16
1,20,Control,2,1,2,0.005963971,
1,20,Control,24,1,1,0.00250615,-5.55E-17
1,20,Control,24,1,2,-0.00250615,
1,20,Control,48,1,1,0.008776542,0
1,20,Control,48,1,2,-0.008776542,
1,20,Control,72,1,1,0.018538065,
1,20,Control,72,1,2,-0.018538065,
1,20,MeOH,0,1,1,0.017789151,0.008002496
1,20,MeOH,0,1,2,-0.001784159,
1,20,MeOH,0.3,1,1,0.024943226,0.006869583
1,20,MeOH,0.3,1,2,-0.01120406,
1,20,MeOH,2,1,1,0.016941343,0.018788205
1,20,MeOH,2,1,2,0.020635068,
1,20,MeOH,24,1,1,-0.141274113,-0.145807436
1,20,MeOH,24,1,2,-0.150340759,
1,20,MeOH,48,1,1,-0.02955961,-0.033995722
1,20,MeOH,48,1,2,-0.038431834,
1,20,MeOH,72,1,1,0.024997626,0.004454862
1,20,MeOH,72,1,2,-0.016087901,
1,20,3,0,1,1,0.002031505,-0.00959398
1,20,3,0,1,2,-0.021219464,
1,20,3,0.3,1,1,0.480195469,0.501288098
1,20,3,0.3,1,2,0.522380727,
1,20,3,2,1,1,0.496436997,0.523698188
1,20,3,2,1,2,0.55095938,
1,20,3,24,1,1,0.407716771,0.407361429
1,20,3,24,1,2,0.407006088,
1,20,3,48,1,1,0.336100052,0.337134295
1,20,3,48,1,2,0.338168537,
1,20,3,72,1,1,0.390186345,0.390668671
1,20,3,72,1,2,0.391150998,
1,20,1,0,1,1,0.000848267,-0.007332253
1,20,1,0,1,2,-0.015512773,
1,20,1,0.3,1,1,0.172459333,0.162440205
1,20,1,0.3,1,2,0.152421078,
1,20,1,2,1,1,0.184682608,0.173758441
1,20,1,2,1,2,0.162834275,
1,20,1,24,1,1,0.043854436,0.042439302
1,20,1,24,1,2,0.041024167,
1,20,1,48,1,1,0.191905552,0.184856643
1,20,1,48,1,2,0.177807733,
1,20,1,72,1,1,0.249539639,0.246648757
1,20,1,72,1,2,0.243757875,
1,20,0.33,0,1,1,0.001380863,-1.38E-05
1,20,0.33,0,1,2,-0.001408429,
1,20,0.33,0.3,1,1,0.041459329,0.048654186
1,20,0.33,0.3,1,2,0.055849043,
1,20,0.33,2,1,1,0.065063095,0.060729843
1,20,0.33,2,1,2,0.056396591,
1,20,0.33,24,1,1,0.056305284,0.044690727
1,20,0.33,24,1,2,0.03307617,
1,20,0.33,48,1,1,0.066746953,0.046904162
1,20,0.33,48,1,2,0.02706137,
1,20,0.33,72,1,1,0.169792227,0.16805932
1,20,0.33,72,1,2,0.166326413,
1,20,0.11,0,1,1,-0.013473879,-0.002811106
1,20,0.11,0,1,2,0.007851667,
1,20,0.11,0.3,1,1,0.018507277,0.010800037
1,20,0.11,0.3,1,2,0.003092798,
1,20,0.11,2,1,1,0.023882299,0.027091276
1,20,0.11,2,1,2,0.030300253,
1,20,0.11,24,1,1,-0.151267931,-0.15837239
1,20,0.11,24,1,2,-0.165476849,
1,20,0.11,48,1,1,-0.022445016,-0.031363291
1,20,0.11,48,1,2,-0.040281566,
1,20,0.11,72,1,1,0.121325209,0.097380254
1,20,0.11,72,1,2,0.073435299,
1,5,Control,0,1,1,-0.010099149,5.55E-17
1,5,Control,0,1,2,0.010099149,
1,5,Control,0.3,1,1,-0.00999409,5.55E-17
1,5,Control,0.3,1,2,0.00999409,
1,5,Control,2,1,1,-0.003956373,1.11E-16
1,5,Control,2,1,2,0.003956373,
1,5,Control,24,1,1,-0.014397429,-5.55E-17
1,5,Control,24,1,2,0.014397429,
1,5,Control,48,1,1,0.00028001,-5.55E-17
1,5,Control,48,1,2,-0.00028001,
1,5,Control,72,1,1,-0.000531939,-5.55E-17
1,5,Control,72,1,2,0.000531939,
1,5,MeOH,0,1,1,-0.034836271,-0.013320912
1,5,MeOH,0,1,2,0.008194447,
1,5,MeOH,0.3,1,1,-0.007866544,-0.005180638
1,5,MeOH,0.3,1,2,-0.002494733,
1,5,MeOH,2,1,1,-0.005807115,0.001922939
1,5,MeOH,2,1,2,0.009652993,
1,5,MeOH,24,1,1,-0.002573617,-0.006412376
1,5,MeOH,24,1,2,-0.010251135,
1,5,MeOH,48,1,1,0.014872454,0.007376008
1,5,MeOH,48,1,2,-0.000120437,
1,5,MeOH,72,1,1,0.043860651,0.040463597
1,5,MeOH,72,1,2,0.037066542,
1,5,3,0,1,1,0.036183611,0.074453323
1,5,3,0,1,2,0.112723035,
1,5,3,0.3,1,1,0.543500228,0.547390613
1,5,3,0.3,1,2,0.551280998,
1,5,3,2,1,1,0.555000576,0.562244752
1,5,3,2,1,2,0.569488929,
1,5,3,24,1,1,0.455628515,0.444915502
1,5,3,24,1,2,0.43420249,
1,5,3,48,1,1,0.42380218,0.42070614
1,5,3,48,1,2,0.4176101,
1,5,3,72,1,1,0.390447076,0.379097072
1,5,3,72,1,2,0.367747069,
1,5,1,0,1,1,0.002066217,0.056820884
1,5,1,0,1,2,0.11157555,
1,5,1,0.3,1,1,0.251221177,0.25296313
1,5,1,0.3,1,2,0.254705082,
1,5,1,2,1,1,0.233276386,0.254416777
1,5,1,2,1,2,0.275557168,
1,5,1,24,1,1,0.130413321,0.130086152
1,5,1,24,1,2,0.129758983,
1,5,1,48,1,1,0.119204608,0.118829667
1,5,1,48,1,2,0.118454727,
1,5,1,72,1,1,0.069809099,0.066407748
1,5,1,72,1,2,0.063006398,
1,5,0.33,0,1,1,0.037581278,0.086262884
1,5,0.33,0,1,2,0.13494449,
1,5,0.33,0.3,1,1,0.139462542,0.163862958
1,5,0.33,0.3,1,2,0.188263374,
1,5,0.33,2,1,1,0.124959115,0.154032247
1,5,0.33,2,1,2,0.183105379,
1,5,0.33,24,1,1,0.022751509,0.018406917
1,5,0.33,24,1,2,0.014062326,
1,5,0.33,48,1,1,0.020960908,0.02314703
1,5,0.33,48,1,2,0.025333153,
1,5,0.33,72,1,1,0.124441277,0.119747243
1,5,0.33,72,1,2,0.115053208,
1,5,0.11,0,1,1,0.046945965,0.091547786
1,5,0.11,0,1,2,0.136149607,
1,5,0.11,0.3,1,1,0.081543413,0.130873159
1,5,0.11,0.3,1,2,0.180202906,
1,5,0.11,2,1,1,0.083621205,0.109466585
1,5,0.11,2,1,2,0.135311965,
1,5,0.11,24,1,1,-0.022855978,-0.014288726
1,5,0.11,24,1,2,-0.005721473,
1,5,0.11,48,1,1,-0.021483186,-0.021617987
1,5,0.11,48,1,2,-0.021752787,
1,5,0.11,72,1,1,-0.025006635,-0.028554585
1,5,0.11,72,1,2,-0.032102536,
2,80,Control,0,1,1,-0.027108503,0
2,80,Control,0,1,2,0.027108503,
2,80,Control,0.3,1,1,-0.024202785,0
2,80,Control,0.3,1,2,0.024202785,
2,80,Control,2,1,1,-0.010220023,-1.11E-16
2,80,Control,2,1,2,0.010220023,
2,80,Control,24,1,1,-0.008076981,0
2,80,Control,24,1,2,0.008076981,
2,80,Control,48,1,1,-0.017939721,5.55E-17
2,80,Control,48,1,2,0.017939721,
2,80,Control,72,1,1,-0.002318998,0
2,80,Control,72,1,2,0.002318998,
2,80,MeOH,0,1,1,0.013998983,0.016104263
2,80,MeOH,0,1,2,0.018209542,
2,80,MeOH,0.3,1,1,-0.005939392,0.037055832
2,80,MeOH,0.3,1,2,0.080051056,
2,80,MeOH,2,1,1,-0.014050684,0.017122665
2,80,MeOH,2,1,2,0.048296013,
2,80,MeOH,24,1,1,0.021865491,0.025627586
2,80,MeOH,24,1,2,0.02938968,
2,80,MeOH,48,1,1,-0.008120008,0.007851428
2,80,MeOH,48,1,2,0.023822863,
2,80,MeOH,72,1,1,0.00705016,0.015207012
2,80,MeOH,72,1,2,0.023363864,
2,80,3,0,1,1,-0.058630556,-0.024084654
2,80,3,0,1,2,0.010461248,
2,80,3,0.3,1,1,0.393618643,0.364181176
2,80,3,0.3,1,2,0.33474371,
2,80,3,2,1,1,0.51499486,0.50389853
2,80,3,2,1,2,0.492802201,
2,80,3,24,1,1,0.397384893,0.395945446
2,80,3,24,1,2,0.394505999,
2,80,3,48,1,1,0.25803344,0.256423723
2,80,3,48,1,2,0.254814006,
2,80,3,72,1,1,0.264799663,0.260476251
2,80,3,72,1,2,0.256152839,
2,80,1,0,1,1,0.018651487,0.010495483
2,80,1,0,1,2,0.002339479,
2,80,1,0.3,1,1,0.148324881,0.13878312
2,80,1,0.3,1,2,0.12924136,
2,80,1,2,1,1,0.257112948,0.221752085
2,80,1,2,1,2,0.186391222,
2,80,1,24,1,1,0.211766446,0.192901184
2,80,1,24,1,2,0.174035922,
2,80,1,48,1,1,0.148460986,0.133349074
2,80,1,48,1,2,0.118237162,
2,80,1,72,1,1,0.163988464,0.160743181
2,80,1,72,1,2,0.157497899,
2,80,0.33,0,1,1,-0.026108662,-0.000931129
2,80,0.33,0,1,2,0.024246404,
2,80,0.33,0.3,1,1,0.034538671,0.038046871
2,80,0.33,0.3,1,2,0.041555072,
2,80,0.33,2,1,1,0.116165613,0.099290343
2,80,0.33,2,1,2,0.082415073,
2,80,0.33,24,1,1,0.136056112,0.138762537
2,80,0.33,24,1,2,0.141468963,
2,80,0.33,48,1,1,0.063711428,0.081309395
2,80,0.33,48,1,2,0.098907361,
2,80,0.33,72,1,1,0.081046751,0.084593707
2,80,0.33,72,1,2,0.088140662,
2,80,0.11,0,1,1,0.005955551,-0.002814131
2,80,0.11,0,1,2,-0.011583812,
2,80,0.11,0.3,1,1,0.02425571,-0.004442652
2,80,0.11,0.3,1,2,-0.033141013,
2,80,0.11,2,1,1,0.075263182,0.054279649
2,80,0.11,2,1,2,0.033296116,
2,80,0.11,24,1,1,0.098171984,0.096754709
2,80,0.11,24,1,2,0.095337433,
2,80,0.11,48,1,1,0.05906845,0.056973187
2,80,0.11,48,1,2,0.054877924,
2,80,0.11,72,1,1,0.07335572,0.063219221
2,80,0.11,72,1,2,0.053082722,
2,20,Control,0,1,1,-0.045001779,0
2,20,Control,0,1,2,0.045001779,
2,20,Control,0.3,1,1,-0.02235346,-1.11E-16
2,20,Control,0.3,1,2,0.02235346,
2,20,Control,2,1,1,-0.007672281,5.55E-17
2,20,Control,2,1,2,0.007672281,
2,20,Control,24,1,1,-0.002748086,-1.67E-16
2,20,Control,24,1,2,0.002748086,
2,20,Control,48,1,1,0.013219125,0
2,20,Control,48,1,2,-0.013219125,
2,20,Control,72,1,1,-0.010078069,0
2,20,Control,72,1,2,0.010078069,
2,20,MeOH,0,1,1,-0.015127121,-0.01624666
2,20,MeOH,0,1,2,-0.017366199,
2,20,MeOH,0.3,1,1,0.058283528,0.05442134
2,20,MeOH,0.3,1,2,0.050559152,
2,20,MeOH,2,1,1,0.013814092,0.007938766
2,20,MeOH,2,1,2,0.00206344,
2,20,MeOH,24,1,1,-0.004459728,-0.003117802
2,20,MeOH,24,1,2,-0.001775877,
2,20,MeOH,48,1,1,0.018570251,0.028499084
2,20,MeOH,48,1,2,0.038427917,
2,20,MeOH,72,1,1,-0.060937819,-0.051729365
2,20,MeOH,72,1,2,-0.042520911,
2,20,3,0,1,1,-0.063265488,-0.08480133
2,20,3,0,1,2,-0.106337173,
2,20,3,0.3,1,1,0.407650074,0.405105208
2,20,3,0.3,1,2,0.402560342,
2,20,3,2,1,1,0.517451978,0.516869374
2,20,3,2,1,2,0.51628677,
2,20,3,24,1,1,0.379054332,0.376752806
2,20,3,24,1,2,0.37445128,
2,20,3,48,1,1,0.298899003,0.29361002
2,20,3,48,1,2,0.288321037,
2,20,3,72,1,1,0.26425558,0.254465239
2,20,3,72,1,2,0.244674899,
2,20,1,0,1,1,0.021276243,-0.026954016
2,20,1,0,1,2,-0.075184274,
2,20,1,0.3,1,1,0.164186698,0.153294109
2,20,1,0.3,1,2,0.142401521,
2,20,1,2,1,1,0.186184576,0.187198744
2,20,1,2,1,2,0.188212912,
2,20,1,24,1,1,0.146752351,0.143763222
2,20,1,24,1,2,0.140774092,
2,20,1,48,1,1,0.183299586,0.1778349
2,20,1,48,1,2,0.172370214,
2,20,1,72,1,1,0.117228654,0.105203543
2,20,1,72,1,2,0.093178433,
2,20,0.33,0,1,1,0.01209701,0.005721277
2,20,0.33,0,1,2,-0.000654455,
2,20,0.33,0.3,1,1,0.072957494,0.064888647
2,20,0.33,0.3,1,2,0.056819799,
2,20,0.33,2,1,1,0.089596216,0.080018296
2,20,0.33,2,1,2,0.070440376,
2,20,0.33,24,1,1,0.107015327,0.111540568
2,20,0.33,24,1,2,0.116065809,
2,20,0.33,48,1,1,0.052518168,0.063567064
2,20,0.33,48,1,2,0.07461596,
2,20,0.33,72,1,1,0.00152871,-0.005544288
2,20,0.33,72,1,2,-0.012617287,
2,20,0.11,0,1,1,-0.062269872,-0.000112062
2,20,0.11,0,1,2,0.062045747,
2,20,0.11,0.3,1,1,0.016673926,0.051037472
2,20,0.11,0.3,1,2,0.085401018,
2,20,0.11,2,1,1,0.058927174,0.048077567
2,20,0.11,2,1,2,0.03722796,
2,20,0.11,24,1,1,0.121301139,0.131326188
2,20,0.11,24,1,2,0.141351237,
2,20,0.11,48,1,1,0.024044651,0.035768624
2,20,0.11,48,1,2,0.047492598,
2,20,0.11,72,1,1,0.007146393,0.00944861
2,20,0.11,72,1,2,0.011750827,
2,5,Control,0,1,1,-0.00742763,0
2,5,Control,0,1,2,0.00742763,
2,5,Control,0.3,1,1,-0.018179421,1.67E-16
2,5,Control,0.3,1,2,0.018179421,
2,5,Control,2,1,1,-0.005933199,-5.55E-17
2,5,Control,2,1,2,0.005933199,
2,5,Control,24,1,1,-0.022331086,0
2,5,Control,24,1,2,0.022331086,
2,5,Control,48,1,1,-0.020333904,1.11E-16
2,5,Control,48,1,2,0.020333904,
2,5,Control,72,1,1,-0.009945892,1.67E-16
2,5,Control,72,1,2,0.009945892,
2,5,MeOH,0,1,1,-0.058756934,-0.034388843
2,5,MeOH,0,1,2,-0.010020751,
2,5,MeOH,0.3,1,1,-0.018179421,-0.014336136
2,5,MeOH,0.3,1,2,-0.01049285,
2,5,MeOH,2,1,1,-0.002748607,-0.000637063
2,5,MeOH,2,1,2,0.001474481,
2,5,MeOH,24,1,1,-0.029855093,-0.027313543
2,5,MeOH,24,1,2,-0.024771992,
2,5,MeOH,48,1,1,-0.034715647,-0.039435366
2,5,MeOH,48,1,2,-0.044155085,
2,5,MeOH,72,1,1,0.014358781,0.012340044
2,5,MeOH,72,1,2,0.010321307,
2,5,3,0,1,1,0.05409055,0.065845938
2,5,3,0,1,2,0.077601327,
2,5,3,0.3,1,1,0.464481838,0.419731468
2,5,3,0.3,1,2,0.374981098,
2,5,3,2,1,1,0.421251746,0.429266179
2,5,3,2,1,2,0.437280612,
2,5,3,24,1,1,0.333917037,0.315384469
2,5,3,24,1,2,0.296851901,
2,5,3,48,1,1,0.240085848,0.220098113
2,5,3,48,1,2,0.200110377,
2,5,3,72,1,1,0.229538828,0.221578986
2,5,3,72,1,2,0.213619144,
2,5,1,0,1,1,0.060598586,0.077031581
2,5,1,0,1,2,0.093464576,
2,5,1,0.3,1,1,0.223530453,0.219332412
2,5,1,0.3,1,2,0.215134372,
2,5,1,2,1,1,0.15698126,0.148806533
2,5,1,2,1,2,0.140631805,
2,5,1,24,1,1,0.066823296,0.062318305
2,5,1,24,1,2,0.057813314,
2,5,1,48,1,1,0.030921447,0.02642283
2,5,1,48,1,2,0.021924213,
2,5,1,72,1,1,0.062443187,0.063283533
2,5,1,72,1,2,0.06412388,
2,5,0.33,0,1,1,0.060773979,0.094460748
2,5,0.33,0,1,2,0.128147517,
2,5,0.33,0.3,1,1,0.111004238,0.144005345
2,5,0.33,0.3,1,2,0.177006451,
2,5,0.33,2,1,1,0.052533438,0.055909763
2,5,0.33,2,1,2,0.059286088,
2,5,0.33,24,1,1,-0.028012319,-0.028838027
2,5,0.33,24,1,2,-0.029663734,
2,5,0.33,48,1,1,-0.061896938,-0.068901517
2,5,0.33,48,1,2,-0.075906095,
2,5,0.33,72,1,1,-0.019795071,-0.020824261
2,5,0.33,72,1,2,-0.021853452,
2,5,0.11,0,1,1,0.028656844,0.087063546
2,5,0.11,0,1,2,0.145470249,
2,5,0.11,0.3,1,1,0.038849328,0.080349622
2,5,0.11,0.3,1,2,0.121849917,
2,5,0.11,2,1,1,-0.003864839,0.003204632
2,5,0.11,2,1,2,0.010274102,
2,5,0.11,24,1,1,-0.059240346,-0.059321124
2,5,0.11,24,1,2,-0.059401902,
2,5,0.11,48,1,1,-0.087139382,-0.084671304
2,5,0.11,48,1,2,-0.082203226,
2,5,0.11,72,1,1,-0.053173458,-0.053172858
2,5,0.11,72,1,2,-0.053172258,
3,80,Control,0,1,1,-0.02018252,-5.55E-17
3,80,Control,0,1,2,0.02018252,
3,80,Control,0.3,1,1,-0.040516821,-5.55E-17
3,80,Control,0.3,1,2,0.040516821,
3,80,Control,2,1,1,-0.012210828,1.67E-16
3,80,Control,2,1,2,0.012210828,
3,80,Control,24,1,1,-0.022187244,5.55E-17
3,80,Control,24,1,2,0.022187244,
3,80,Control,48,1,1,-0.002716065,-5.55E-17
3,80,Control,48,1,2,0.002716065,
3,80,Control,72,1,1,0.000243582,0
3,80,Control,72,1,2,-0.000243582,
3,80,MeOH,0,1,1,-0.01716392,0.014929891
3,80,MeOH,0,1,2,0.047023703,
3,80,MeOH,0.3,1,1,-0.000850475,0.023459453
3,80,MeOH,0.3,1,2,0.047769382,
3,80,MeOH,2,1,1,0.010621919,0.023810256
3,80,MeOH,2,1,2,0.036998594,
3,80,MeOH,24,1,1,0.038456928,0.056875515
3,80,MeOH,24,1,2,0.075294103,
3,80,MeOH,48,1,1,0.012602502,0.015547293
3,80,MeOH,48,1,2,0.018492083,
3,80,MeOH,72,1,1,0.012334955,0.012891107
3,80,MeOH,72,1,2,0.013447259,
3,80,3,0,1,1,0.000999721,-0.003343758
3,80,3,0,1,2,-0.007687238,
3,80,3,0.3,1,1,0.56429581,0.505578901
3,80,3,0.3,1,2,0.446861993,
3,80,3,2,1,1,0.588256878,0.576819569
3,80,3,2,1,2,0.56538226,
3,80,3,24,1,1,0.30294507,0.289472684
3,80,3,24,1,2,0.276000298,
3,80,3,48,1,1,0.357973595,0.350342751
3,80,3,48,1,2,0.342711907,
3,80,3,72,1,1,0.382263842,0.373952167
3,80,3,72,1,2,0.365640492,
3,80,1,0,1,1,-0.021935074,-0.025115774
3,80,1,0,1,2,-0.028296475,
3,80,1,0.3,1,1,0.225635564,0.207547131
3,80,1,0.3,1,2,0.189458697,
3,80,1,2,1,1,0.318625314,0.28481211
3,80,1,2,1,2,0.250998906,
3,80,1,24,1,1,0.136612141,0.127204817
3,80,1,24,1,2,0.117797493,
3,80,1,48,1,1,0.226388606,0.231469519
3,80,1,48,1,2,0.236550432,
3,80,1,72,1,1,0.228758524,0.234629909
3,80,1,72,1,2,0.240501293,
3,80,0.33,0,1,1,-0.008638129,-0.014648805
3,80,0.33,0,1,2,-0.020659481,
3,80,0.33,0.3,1,1,0.072169048,0.066794328
3,80,0.33,0.3,1,2,0.061419608,
3,80,0.33,2,1,1,0.114055183,0.10280424
3,80,0.33,2,1,2,0.091553298,
3,80,0.33,24,1,1,0.019791571,0.023213869
3,80,0.33,24,1,2,0.026636168,
3,80,0.33,48,1,1,0.013540791,0.014431415
3,80,0.33,48,1,2,0.015322038,
3,80,0.33,72,1,1,0.122772286,0.126254291
3,80,0.33,72,1,2,0.129736296,
3,80,0.11,0,1,1,0.049090851,0.013449747
3,80,0.11,0,1,2,-0.022191357,
3,80,0.11,0.3,1,1,0.043748254,0.028401354
3,80,0.11,0.3,1,2,0.013054455,
3,80,0.11,2,1,1,0.07927312,0.05118019
3,80,0.11,2,1,2,0.02308726,
3,80,0.11,24,1,1,-0.000127588,0.001805946
3,80,0.11,24,1,2,0.00373948,
3,80,0.11,48,1,1,0.077500454,0.088117932
3,80,0.11,48,1,2,0.09873541,
3,80,0.11,72,1,1,0.069612088,0.072976176
3,80,0.11,72,1,2,0.076340265,
3,20,Control,0,1,1,-0.01458282,0
3,20,Control,0,1,2,0.01458282,
3,20,Control,0.3,1,1,-0.010129564,5.55E-17
3,20,Control,0.3,1,2,0.010129564,
3,20,Control,2,1,1,-0.010927141,0
3,20,Control,2,1,2,0.010927141,
3,20,Control,24,1,1,0.002070766,-5.55E-17
3,20,Control,24,1,2,-0.002070766,
3,20,Control,48,1,1,-0.000177213,5.55E-17
3,20,Control,48,1,2,0.000177213,
3,20,Control,72,1,1,-0.003112452,0
3,20,Control,72,1,2,0.003112452,
3,20,MeOH,0,1,1,0.038851331,0.032155982
3,20,MeOH,0,1,2,0.025460633,
3,20,MeOH,0.3,1,1,0.023409894,0.029923615
3,20,MeOH,0.3,1,2,0.036437336,
3,20,MeOH,2,1,1,0.049254342,0.036068016
3,20,MeOH,2,1,2,0.022881689,
3,20,MeOH,24,1,1,-0.12666347,-0.127083006
3,20,MeOH,24,1,2,-0.127502542,
3,20,MeOH,48,1,1,0.035825021,0.03262058
3,20,MeOH,48,1,2,0.02941614,
3,20,MeOH,72,1,1,0.053197448,0.050922583
3,20,MeOH,72,1,2,0.048647719,
3,20,3,0,1,1,0.013906604,0.008324943
3,20,3,0,1,2,0.002743282,
3,20,3,0.3,1,1,0.56004367,0.559640558
3,20,3,0.3,1,2,0.559237447,
3,20,3,2,1,1,0.584814976,0.596207337
3,20,3,2,1,2,0.607599698,
3,20,3,24,1,1,0.31236194,0.288696514
3,20,3,24,1,2,0.265031088,
3,20,3,48,1,1,0.355759896,0.346575154
3,20,3,48,1,2,0.337390413,
3,20,3,72,1,1,0.38174296,0.368437154
3,20,3,72,1,2,0.355131348,
3,20,1,0,1,1,0.043748904,0.026731059
3,20,1,0,1,2,0.009713215,
3,20,1,0.3,1,1,0.248000383,0.254495353
3,20,1,0.3,1,2,0.260990322,
3,20,1,2,1,1,0.255935194,0.270581027
3,20,1,2,1,2,0.285226861,
3,20,1,24,1,1,0.032731727,0.032037149
3,20,1,24,1,2,0.03134257,
3,20,1,48,1,1,0.20233794,0.198705566
3,20,1,48,1,2,0.195073193,
3,20,1,72,1,1,0.14461369,0.136564437
3,20,1,72,1,2,0.128515184,
3,20,0.33,0,1,1,0.022508611,0.014500489
3,20,0.33,0,1,2,0.006492367,
3,20,0.33,0.3,1,1,0.086407289,0.087093764
3,20,0.33,0.3,1,2,0.08778024,
3,20,0.33,2,1,1,0.098883053,0.105148552
3,20,0.33,2,1,2,0.111414051,
3,20,0.33,24,1,1,0.063015864,0.056089308
3,20,0.33,24,1,2,0.049162751,
3,20,0.33,48,1,1,-0.126347295,-0.131353552
3,20,0.33,48,1,2,-0.136359809,
3,20,0.33,72,1,1,0.100515469,0.090096875
3,20,0.33,72,1,2,0.07967828,
3,20,0.11,0,1,1,0.032345726,0.048961675
3,20,0.11,0,1,2,0.065577623,
3,20,0.11,0.3,1,1,0.037581364,0.045908983
3,20,0.11,0.3,1,2,0.054236602,
3,20,0.11,2,1,1,0.046798693,0.048775305
3,20,0.11,2,1,2,0.050751917,
3,20,0.11,24,1,1,-0.291525316,-0.28450202
3,20,0.11,24,1,2,-0.277478725,
3,20,0.11,48,1,1,0.054276447,0.065106424
3,20,0.11,48,1,2,0.075936401,
3,20,0.11,72,1,1,0.111334948,0.110085497
3,20,0.11,72,1,2,0.108836047,
3,5,Control,0,1,1,-0.001559522,-5.55E-17
3,5,Control,0,1,2,0.001559522,
3,5,Control,0.3,1,1,0.010668021,0
3,5,Control,0.3,1,2,-0.010668021,
3,5,Control,2,1,1,-0.003363212,0
3,5,Control,2,1,2,0.003363212,
3,5,Control,24,1,1,-0.021811138,-1.11E-16
3,5,Control,24,1,2,0.021811138,
3,5,Control,48,1,1,-0.007110477,5.55E-17
3,5,Control,48,1,2,0.007110477,
3,5,Control,72,1,1,-0.000518236,-5.55E-17
3,5,Control,72,1,2,0.000518236,
3,5,MeOH,0,1,1,-0.033232564,-0.026199473
3,5,MeOH,0,1,2,-0.019166383,
3,5,MeOH,0.3,1,1,-0.058097577,-0.033074999
3,5,MeOH,0.3,1,2,-0.008052421,
3,5,MeOH,2,1,1,-0.034347572,-0.026966617
3,5,MeOH,2,1,2,-0.019585662,
3,5,MeOH,24,1,1,0.021295991,0.019715772
3,5,MeOH,24,1,2,0.018135554,
3,5,MeOH,48,1,1,0.010773033,0.005287793
3,5,MeOH,48,1,2,-0.000197448,
3,5,MeOH,72,1,1,0.002983389,0.004953389
3,5,MeOH,72,1,2,0.006923388,
3,5,3,0,1,1,0.03200878,0.041605159
3,5,3,0,1,2,0.051201538,
3,5,3,0.3,1,1,0.585568551,0.546949556
3,5,3,0.3,1,2,0.508330561,
3,5,3,2,1,1,0.599520617,0.564199148
3,5,3,2,1,2,0.52887768,
3,5,3,24,1,1,0.454590921,0.437905998
3,5,3,24,1,2,0.421221076,
3,5,3,48,1,1,0.44535854,0.41946476
3,5,3,48,1,2,0.39357098,
3,5,3,72,1,1,0.43702987,0.417475788
3,5,3,72,1,2,0.397921706,
3,5,1,0,1,1,0.080485441,0.075927235
3,5,1,0,1,2,0.071369028,
3,5,1,0.3,1,1,0.266645988,0.250984442
3,5,1,0.3,1,2,0.235322895,
3,5,1,2,1,1,0.244866114,0.238650231
3,5,1,2,1,2,0.232434348,
3,5,1,24,1,1,0.126241562,0.121513146
3,5,1,24,1,2,0.11678473,
3,5,1,48,1,1,0.146700113,0.149337761
3,5,1,48,1,2,0.151975408,
3,5,1,72,1,1,0.184742735,0.184160517
3,5,1,72,1,2,0.183578299,
3,5,0.33,0,1,1,0.048341816,0.040099542
3,5,0.33,0,1,2,0.031857267,
3,5,0.33,0.3,1,1,0.071611296,0.071793967
3,5,0.33,0.3,1,2,0.071976637,
3,5,0.33,2,1,1,0.039801831,0.03562194
3,5,0.33,2,1,2,0.031442049,
3,5,0.33,24,1,1,-0.059770137,-0.05886443
3,5,0.33,24,1,2,-0.057958724,
3,5,0.33,48,1,1,-0.000783696,-0.006844197
3,5,0.33,48,1,2,-0.012904698,
3,5,0.33,72,1,1,-0.000444789,-0.002252887
3,5,0.33,72,1,2,-0.004060985,
3,5,0.11,0,1,1,0.047019657,0.082012026
3,5,0.11,0,1,2,0.117004395,
3,5,0.11,0.3,1,1,0.040664448,0.076908868
3,5,0.11,0.3,1,2,0.113153288,
3,5,0.11,2,1,1,0.02253034,0.043695467
3,5,0.11,2,1,2,0.064860593,
3,5,0.11,24,1,1,-0.030939546,-0.041662269
3,5,0.11,24,1,2,-0.052384991,
3,5,0.11,48,1,1,-0.024998979,-0.022879666
3,5,0.11,48,1,2,-0.020760352,
3,5,0.11,72,1,1,-0.026736216,-0.032987959
3,5,0.11,72,1,2,-0.039239701,
4,80,Control,0,1,1,-0.032283577,-0.015808578
4,80,Control,0,1,2,0.000666422,
4,80,Control,0.3,1,1,-0.014270341,-0.002413003
4,80,Control,0.3,1,2,0.009444336,
4,80,Control,2,1,1,-0.012210828,1.67E-16
4,80,Control,2,1,2,0.012210828,
4,80,Control,24,1,1,0.002978925,0.01114559
4,80,Control,24,1,2,0.019312256,
4,80,Control,48,1,1,-0.018685709,-0.008237699
4,80,Control,48,1,2,0.002210312,
4,80,Control,72,1,1,-0.002093991,-0.000690984
4,80,Control,72,1,2,0.000712023,
4,80,MeOH,0,1,1,-0.036889142,-0.006343113
4,80,MeOH,0,1,2,0.024202916,
4,80,MeOH,0.3,1,1,-0.048109931,-0.038742118
4,80,MeOH,0.3,1,2,-0.029374306,
4,80,MeOH,2,1,1,0.010621919,0.023810256
4,80,MeOH,2,1,2,0.036998594,
4,80,MeOH,24,1,1,0.001092769,0.020730098
4,80,MeOH,24,1,2,0.040367428,
4,80,MeOH,48,1,1,0.035724435,0.045867593
4,80,MeOH,48,1,2,0.05601075,
4,80,MeOH,72,1,1,0.006358653,0.011288232
4,80,MeOH,72,1,2,0.016217811,
4,80,3,0,1,1,-0.040188385,-0.0710812
4,80,3,0,1,2,-0.101974016,
4,80,3,0.3,1,1,0.496913471,0.478827607
4,80,3,0.3,1,2,0.460741744,
4,80,3,2,1,1,0.588256878,0.576819569
4,80,3,2,1,2,0.56538226,
4,80,3,24,1,1,0.460451239,0.459055959
4,80,3,24,1,2,0.45766068,
4,80,3,48,1,1,0.317351923,0.318100441
4,80,3,48,1,2,0.318848959,
4,80,3,72,1,1,0.288200182,0.283143607
4,80,3,72,1,2,0.278087031,
4,80,1,0,1,1,-0.029798724,-0.048919795
4,80,1,0,1,2,-0.068040866,
4,80,1,0.3,1,1,0.1819985,0.171380294
4,80,1,0.3,1,2,0.160762088,
4,80,1,2,1,1,0.318625314,0.28481211
4,80,1,2,1,2,0.250998906,
4,80,1,24,1,1,0.260691345,0.258920917
4,80,1,24,1,2,0.257150489,
4,80,1,48,1,1,0.184539818,0.191356206
4,80,1,48,1,2,0.198172593,
4,80,1,72,1,1,0.177527637,0.175154666
4,80,1,72,1,2,0.172781695,
4,80,0.33,0,1,1,-0.062150808,-0.068993796
4,80,0.33,0,1,2,-0.075836785,
4,80,0.33,0.3,1,1,0.018123645,0.011261818
4,80,0.33,0.3,1,2,0.004399991,
4,80,0.33,2,1,1,0.114055183,0.10280424
4,80,0.33,2,1,2,0.091553298,
4,80,0.33,24,1,1,0.144466443,0.144841361
4,80,0.33,24,1,2,0.145216279,
4,80,0.33,48,1,1,0.083616617,0.081517342
4,80,0.33,48,1,2,0.079418067,
4,80,0.33,72,1,1,0.065517635,0.080566954
4,80,0.33,72,1,2,0.095616273,
4,80,0.11,0,1,1,0.025411583,-0.008877997
4,80,0.11,0,1,2,-0.043167576,
4,80,0.11,0.3,1,1,0.012965192,-0.009281432
4,80,0.11,0.3,1,2,-0.031528057,
4,80,0.11,2,1,1,0.07927312,0.05118019
4,80,0.11,2,1,2,0.02308726,
4,80,0.11,24,1,1,0.065568612,0.065579179
4,80,0.11,24,1,2,0.065589746,
4,80,0.11,48,1,1,0.041591138,0.048675783
4,80,0.11,48,1,2,0.055760428,
4,80,0.11,72,1,1,0.061258191,0.069191067
4,80,0.11,72,1,2,0.077123944,
4,20,Control,0,1,1,-0.004037391,0.002476166
4,20,Control,0,1,2,0.008989723,
4,20,Control,0.3,1,1,0.006243993,0.010518259
4,20,Control,0.3,1,2,0.014792524,
4,20,Control,2,1,1,-0.010927141,0
4,20,Control,2,1,2,0.010927141,
4,20,Control,24,1,1,0.007506284,0.000259488
4,20,Control,24,1,2,-0.006987309,
4,20,Control,48,1,1,-0.034666521,-0.027256512
4,20,Control,48,1,2,-0.019846503,
4,20,Control,72,1,1,-0.007985368,-0.004502558
4,20,Control,72,1,2,-0.001019749,
4,20,MeOH,0,1,1,0.003298646,0.001634854
4,20,MeOH,0,1,2,-2.89E-05,
4,20,MeOH,0.3,1,1,-0.022701922,-0.017091013
4,20,MeOH,0.3,1,2,-0.011480104,
4,20,MeOH,2,1,1,0.049254342,0.036068016
4,20,MeOH,2,1,2,0.022881689,
4,20,MeOH,24,1,1,-0.014213281,-0.01532546
4,20,MeOH,24,1,2,-0.016437639,
4,20,MeOH,48,1,1,0.008780361,0.009362764
4,20,MeOH,48,1,2,0.009945166,
4,20,MeOH,72,1,1,-0.006480391,-0.00360369
4,20,MeOH,72,1,2,-0.000726989,
4,20,3,0,1,1,-0.020017453,-0.007049025
4,20,3,0,1,2,0.005919403,
4,20,3,0.3,1,1,0.473378671,0.477417603
4,20,3,0.3,1,2,0.481456534,
4,20,3,2,1,1,0.584814976,0.596207337
4,20,3,2,1,2,0.607599698,
4,20,3,24,1,1,0.405781803,0.404009955
4,20,3,24,1,2,0.402238107,
4,20,3,48,1,1,0.297900597,0.284726687
4,20,3,48,1,2,0.271552777,
4,20,3,72,1,1,0.326993447,0.319971886
4,20,3,72,1,2,0.312950325,
4,20,1,0,1,1,0.00412196,-0.003449908
4,20,1,0,1,2,-0.011021776,
4,20,1,0.3,1,1,0.185602772,0.161202586
4,20,1,0.3,1,2,0.1368024,
4,20,1,2,1,1,0.255935194,0.270581027
4,20,1,2,1,2,0.285226861,
4,20,1,24,1,1,0.220190956,0.221830071
4,20,1,24,1,2,0.223469186,
4,20,1,48,1,1,0.18787751,0.180899439
4,20,1,48,1,2,0.173921368,
4,20,1,72,1,1,0.18458954,0.169832727
4,20,1,72,1,2,0.155075915,
4,20,0.33,0,1,1,-0.005114329,-0.015760793
4,20,0.33,0,1,2,-0.026407256,
4,20,0.33,0.3,1,1,0.052016027,0.038427335
4,20,0.33,0.3,1,2,0.024838644,
4,20,0.33,2,1,1,0.098883053,0.105148552
4,20,0.33,2,1,2,0.111414051,
4,20,0.33,24,1,1,0.122968077,0.124469948
4,20,0.33,24,1,2,0.12597182,
4,20,0.33,48,1,1,0.063691318,0.064790799
4,20,0.33,48,1,2,0.065890281,
4,20,0.33,72,1,1,0.106869027,0.094509193
4,20,0.33,72,1,2,0.08214936,
4,20,0.11,0,1,1,0.021175379,0.006772416
4,20,0.11,0,1,2,-0.007630547,
4,20,0.11,0.3,1,1,-0.006886628,0.025685533
4,20,0.11,0.3,1,2,0.058257693,
4,20,0.11,2,1,1,0.046798693,0.048775305
4,20,0.11,2,1,2,0.050751917,
4,20,0.11,24,1,1,0.044312827,0.056051292
4,20,0.11,24,1,2,0.067789757,
4,20,0.11,48,1,1,0.004034961,0.004743965
4,20,0.11,48,1,2,0.005452969,
4,20,0.11,72,1,1,0.093221922,0.089568588
4,20,0.11,72,1,2,0.085915255,
4,5,Control,0,1,1,-0.006479944,-0.017625641
4,5,Control,0,1,2,-0.028771337,
4,5,Control,0.3,1,1,-0.002604262,-0.007617435
4,5,Control,0.3,1,2,-0.012630609,
4,5,Control,2,1,1,-0.003363212,0
4,5,Control,2,1,2,0.003363212,
4,5,Control,24,1,1,-0.013017874,0.011923588
4,5,Control,24,1,2,0.036865051,
4,5,Control,48,1,1,0.000718709,0.009047908
4,5,Control,48,1,2,0.017377107,
4,5,Control,72,1,1,0.000954677,0.007919467
4,5,Control,72,1,2,0.014884256,
4,5,MeOH,0,1,1,-0.051921645,-0.049074659
4,5,MeOH,0,1,2,-0.046227672,
4,5,MeOH,0.3,1,1,-0.01860384,-0.006601639
4,5,MeOH,0.3,1,2,0.005400563,
4,5,MeOH,2,1,1,-0.034347572,-0.026966617
4,5,MeOH,2,1,2,-0.019585662,
4,5,MeOH,24,1,1,0.044985366,0.037738836
4,5,MeOH,24,1,2,0.030492306,
4,5,MeOH,48,1,1,0.041551258,0.031894865
4,5,MeOH,48,1,2,0.022238472,
4,5,MeOH,72,1,1,0.038063717,0.031326718
4,5,MeOH,72,1,2,0.024589719,
4,5,3,0,1,1,0.011321742,0.033954136
4,5,3,0,1,2,0.056586529,
4,5,3,0.3,1,1,0.478052773,0.469183082
4,5,3,0.3,1,2,0.460313391,
4,5,3,2,1,1,0.599520617,0.564199148
4,5,3,2,1,2,0.52887768,
4,5,3,24,1,1,0.394987447,0.39028233
4,5,3,24,1,2,0.385577213,
4,5,3,48,1,1,0.365897018,0.353525367
4,5,3,48,1,2,0.341153716,
4,5,3,72,1,1,0.321952247,0.310554564
4,5,3,72,1,2,0.299156881,
4,5,1,0,1,1,0.0461592,0.038378775
4,5,1,0,1,2,0.030598349,
4,5,1,0.3,1,1,0.22734192,0.208006179
4,5,1,0.3,1,2,0.188670438,
4,5,1,2,1,1,0.244866114,0.238650231
4,5,1,2,1,2,0.232434348,
4,5,1,24,1,1,0.100706591,0.099857738
4,5,1,24,1,2,0.099008885,
4,5,1,48,1,1,0.104240154,0.105834914
4,5,1,48,1,2,0.107429674,
4,5,1,72,1,1,0.09155312,0.091125518
4,5,1,72,1,2,0.090697917,
4,5,0.33,0,1,1,-0.0459249,-0.033391565
4,5,0.33,0,1,2,-0.020858229,
4,5,0.33,0.3,1,1,0.076175004,0.072668389
4,5,0.33,0.3,1,2,0.069161774,
4,5,0.33,2,1,1,0.039801831,0.03562194
4,5,0.33,2,1,2,0.031442049,
4,5,0.33,24,1,1,-0.023995355,-0.025600363
4,5,0.33,24,1,2,-0.027205372,
4,5,0.33,48,1,1,-0.021030023,-0.020371359
4,5,0.33,48,1,2,-0.019712695,
4,5,0.33,72,1,1,-0.009907792,-0.010567369
4,5,0.33,72,1,2,-0.011226945,
4,5,0.11,0,1,1,0.020293414,0.038550453
4,5,0.11,0,1,2,0.056807492,
4,5,0.11,0.3,1,1,0.040986283,0.065609392
4,5,0.11,0.3,1,2,0.090232502,
4,5,0.11,2,1,1,0.02253034,0.043695467
4,5,0.11,2,1,2,0.064860593,
4,5,0.11,24,1,1,-0.03717784,-0.037609404
4,5,0.11,24,1,2,-0.038040967,
4,5,0.11,48,1,1,-0.018297934,-0.017196977
4,5,0.11,48,1,2,-0.016096019,
4,5,0.11,72,1,1,-0.013915126,-0.015333688
4,5,0.11,72,1,2,-0.01675225,